reports_count,upvotes,downvotes,hours_since_update,condition_rating,distance_m,is_verified,recommendation_score
4,14,3,124.1059768769799,5,2129.850582608865,0,93.61293833952477
1,7,3,37.13479533813921,1,6217.337998375619,0,43.31774360086843
3,13,1,100.35712387893606,5,4199.975119679955,0,99.80839625042394
3,13,3,6.401360068567495,3,5046.701960674619,1,84.38002595252577
2,10,4,32.678459842395235,2,9515.908926671653,0,50.87208337341261
3,9,2,29.31324082498329,2,4208.15227728782,1,73.28336390403193
2,3,3,0.39129331334133344,5,8818.003138184547,1,79.75444169260304
3,7,1,28.111303633358,4,6610.839739419127,1,95.3532894740356
0,6,0,22.103835602545384,5,1224.9783925484262,1,100.0
2,9,1,53.18653894128866,5,7447.625296110719,1,95.20561524508923
4,12,1,133.72579677735405,1,5206.888648823585,0,44.653993733141306
2,13,3,4.30541592022662,4,2258.7215314159657,1,98.88896932693012
1,8,1,19.0424666606673,5,2902.597737592158,1,100.0
3,6,4,28.180964432297355,3,5577.750923260005,0,66.75364416239444
4,11,4,29.150864897426935,2,6021.007876556472,1,61.5542193398781
4,10,1,71.55885835307433,3,9682.082276254505,1,64.29370717944447
1,6,1,28.123230866887454,3,8548.654162741826,1,67.23440216156395
2,6,1,1.3217754232027468,3,2066.3344770828094,1,95.96357439514894
3,4,3,59.4352016308943,4,7742.1807849657835,0,74.40296426432297
2,10,3,103.74448004690734,4,92.83516343493895,0,90.4304935531732
3,14,2,34.62482926018607,4,1306.7865270397886,1,100.0
4,8,2,41.76688292514244,2,2005.0071565021692,1,77.52541818512546
1,10,4,8.537053068998748,1,5976.021533064788,1,60.518454575297135
3,11,1,11.965912156552864,5,1954.9032129388652,1,100.0
3,15,2,12.868896226730818,5,3659.076690932718,1,100.0
3,12,2,27.044230868756415,1,2435.3700235993742,1,73.57498592193795
5,7,2,126.38919137504405,5,3380.7920775558337,0,97.0414897801315
0,7,3,35.40932971183804,3,9425.08993289332,0,52.769614685521276
1,9,2,10.239075637690954,2,9973.789762428347,1,50.55382945417602
4,7,1,14.849557856095037,5,6860.363841578452,1,92.39577273836599
3,8,3,23.257570303394022,2,5727.355635842252,1,65.06033028921156
1,8,2,46.85746875654961,1,7087.393979704669,0,45.220639537506955
7,9,2,27.8341295423186,5,7718.805482184895,1,94.08908797352882
3,12,4,23.918991187700037,2,7392.737308659049,1,66.33816257393573
4,15,0,39.9257056950644,3,828.106356718048,1,96.65787562532142
2,9,5,13.289003149104591,3,3109.8312586748725,1,84.89035404972351
1,7,1,3.9451307473617505,1,3440.8795040796,1,66.46563020532233
4,9,1,1.186429708201203,4,3698.852196759911,1,90.13152692933797
4,7,2,13.889393663078032,5,3449.6946487289047,1,100.0
1,13,1,4.6109615848117125,3,7873.052051528773,1,81.18990618345236
2,11,1,19.679341006113354,3,7478.5706321649395,1,71.08348362453616
3,15,0,71.16060146904164,1,55.95702589759134,1,79.25266175550748
5,9,1,60.47126175275738,3,2970.851419712243,1,87.68702922718941
5,9,1,45.31151486398884,5,6240.3998413754025,1,94.88646123625853
3,7,1,91.86858031794357,1,1211.4535636681073,0,62.5117556524946
2,13,1,15.906235150637649,2,721.2709619104686,1,84.19386979206847
3,11,0,103.83795252213338,1,8285.697213789832,0,40.21135529336505
3,5,3,24.458802072562264,5,4532.31587899897,1,99.05470228411328
1,14,1,24.591148656131274,5,8558.316805529326,1,79.38276469829928
6,8,2,24.949679778453586,2,8237.29174449389,1,67.4579982589053
1,12,1,4.955778397674819,1,8934.77151618445,1,55.293788772235516
5,5,1,178.01733184287494,5,492.2628899708643,0,96.20056583915257
4,6,1,7.156228344711174,5,1869.4393604227619,1,100.0
3,9,1,20.009200897473605,2,2968.470212370191,1,74.7399882563135
2,7,4,18.46243531740852,4,1370.9415745002227,1,93.0059832271955
3,10,5,3.7255220347383036,1,4859.843509649285,1,61.29349388317037
2,8,1,7.928709477948097,5,7991.779131490195,1,91.28867837630584
6,11,0,2.2029893006239067,3,9512.30629038855,1,70.74981497523717
2,9,3,16.602368022785512,2,8896.845603419895,1,52.70881990234743
6,7,4,96.71183776456945,4,4578.793433357925,0,73.10203465309124
3,11,4,19.904191587437975,4,6368.546102695813,1,88.29867078124121
0,10,4,6.337798081530016,2,2314.654273252042,1,74.55657288499089
5,6,3,49.80451012691616,4,4036.0599093198794,1,90.4829195483894
0,12,2,272.8439104699271,5,8713.11412824583,0,72.40782951920032
6,9,0,12.690587312935907,4,301.683244974613,1,100.0
2,15,3,15.739604089516172,1,5332.265133708309,1,56.0244475237424
4,7,3,171.36495773782667,3,8729.254996011223,0,48.256440844340865
3,11,2,9.454066506696865,5,1228.878639769097,1,100.0
5,11,1,34.359871253751955,2,9825.636557491709,1,64.56849727943242
8,10,2,13.151003073974904,3,133.79072517188024,1,100.0
4,13,1,129.284927014586,5,8862.338914517011,0,79.28525605308462
1,12,0,191.5738135483365,3,3543.1890182057195,0,63.137601888314734
3,8,4,80.9168410566328,4,1335.5789109608495,0,89.01624668508569
0,7,1,18.14500287152255,2,1582.0081707928057,1,78.87820210362753
0,10,4,24.799441951177002,2,7014.775396359166,0,62.91580735510689
2,11,2,13.318812061556226,1,8708.48956979288,1,50.779238582532784
4,11,1,106.28108986718354,4,6414.252874529811,0,74.92884120270791
1,7,3,118.07619579980198,1,9287.962463893922,0,28.403098887362642
5,9,2,26.053532860391922,1,8426.363162618421,1,53.01981021345448
3,4,1,51.295893375623805,4,100.22775133709771,1,98.90082592125943
0,18,0,8.687340692322378,5,6697.602347657046,1,100.0
4,8,0,27.39917297215231,1,3053.300540255783,1,73.73187669876638
1,12,4,47.91898287032626,3,4550.455117086897,0,67.17092236469936
6,15,4,23.365857761272114,5,949.3671738609252,1,100.0
3,7,3,21.242082144179964,4,2828.1706270977875,1,100.0
1,13,1,0.04797559643007267,2,6330.53281465075,1,62.72872380146191
1,16,1,78.29467228515257,5,2191.637481260677,1,100.0
0,7,4,105.66102059162866,1,6478.891316029219,0,44.39365372587095
3,9,1,167.46401074156051,3,9231.091386258757,0,51.25620443874707
2,6,3,60.97760925513174,4,59.35364699952278,0,91.71680369330343
4,10,1,38.199721956293935,2,7859.849490101285,1,61.66732923951417
5,9,3,15.05909351916824,3,6416.775612830251,1,74.1068648380035
1,12,2,348.6567302124512,2,475.8612997105845,0,67.72716730075008
0,7,2,42.76778433920979,4,7903.769701079751,0,77.04332947504875
5,13,3,54.86626935524124,5,2252.9651410199394,1,100.0
5,8,3,55.05513366815554,1,2665.547201819022,1,63.57301945180192
1,8,2,89.56588664311158,4,944.2216678690398,0,93.97328762056316
0,12,1,0.4665418417900328,3,5348.454355279161,1,82.30117473435959
2,5,1,11.941343986580058,5,4987.255165279585,1,100.0
2,6,2,52.57056236800497,2,3478.273318299527,0,68.20424682259647
2,6,2,108.24882540982293,5,1695.850539590063,0,91.18505668976988
6,16,3,55.500418419969535,5,8381.156009445667,1,95.94738003562794
6,9,0,25.61125261131462,3,8765.02051637604,1,72.55237861405999
5,9,4,21.538585118094357,1,5410.390311029584,1,60.19842830065717
5,7,3,64.28219295558084,5,2449.8110826577877,1,100.0
0,8,0,64.88857863537717,5,970.1395563298528,0,100.0
2,8,2,44.83647559820016,1,8686.756233240712,0,49.17353598420338
5,4,0,16.53881652817623,1,969.5666686996475,1,71.70987799630933
5,9,2,124.43201011889998,2,141.6685771170186,0,65.95342756192537
1,7,1,38.52931661408421,2,4699.281797613001,0,67.60438138078491
4,4,4,75.02376262067384,1,7315.3975095735495,0,40.87431539447205
3,6,1,11.57715621722592,4,4580.794674725636,1,84.7438240552114
2,13,0,20.23952014740091,1,523.5919637954956,1,78.95788987568663
2,10,2,99.65199926061179,2,6903.39084308401,0,60.93172353145309
2,10,2,2.4674862638024297,3,6426.90287937293,1,88.65429531437417
6,8,1,34.46813815608014,3,6818.482013934304,1,75.07617309436574
4,7,2,31.546158075293064,5,2119.912888577004,1,100.0
1,15,3,66.7789086496398,3,7959.027107360539,0,58.142465956748175
1,10,2,15.894612915177023,2,4796.890435363853,1,70.15475573441925
1,6,1,11.86875322378292,3,5368.164577798499,1,75.18814648451485
5,10,0,125.06337203958354,4,5462.841796445949,0,73.33135661194758
3,9,2,40.70178864593505,1,2875.196306341298,1,68.07443745107348
1,11,2,5.308068948791809,1,2508.8397023270527,1,70.64191758288638
3,10,1,10.294868274754368,2,57.61364351054865,1,90.98997175289932
6,13,3,323.87468411657954,5,3972.1373171334494,0,91.24906364173856
2,6,1,10.44815063762381,1,4856.178809551264,1,62.389801276486445
5,12,4,45.25577009480334,3,7430.609419096433,1,68.02161005066418
2,9,3,26.157505232726646,4,675.6033398335568,1,100.0
1,12,4,104.06622181996568,5,9240.654229863127,0,71.89784909746786
7,21,3,67.5449009820694,5,2646.9450977879446,1,100.0
8,11,0,43.61750973591549,5,3673.5396943811957,1,100.0
0,14,3,0.5182589205030206,1,493.14103129666546,1,67.26310704851525
3,13,1,101.6908025555134,5,6534.832744073052,0,85.18293719970968
6,7,0,28.23303326464474,2,7092.13874592477,1,70.79714936349927
1,9,2,128.7386782779397,3,9288.624260724759,0,51.998966230082694
9,12,3,32.844709052126774,4,3374.921743119136,1,100.0
3,5,3,56.875395410124,3,2581.113611483552,0,76.4046492014938
3,11,0,3.4468987184146775,2,7263.604170672998,1,68.79755759076461
6,12,0,65.62015826172058,2,7070.940875544849,1,67.37953188884794
2,9,3,19.799218947168168,3,9371.869337955335,1,60.831319764937675
0,8,2,20.77804301412275,1,2061.1330560905067,0,62.5204345325606
4,14,5,6.0627402086395765,2,7055.873300718406,1,61.822420670525894
0,12,3,7.62375725553145,5,678.0170861216488,1,100.0
3,7,1,9.863949937546,4,4808.877386504614,1,85.52222801210455
5,11,1,19.094581632030934,4,1202.7138648844264,1,100.0
5,13,1,106.81658425173922,2,6534.928421063774,0,59.44761539257391
4,7,2,22.045331471373682,5,6018.652949299941,1,100.0
1,7,0,61.856132723398,3,497.841006960989,0,78.45359745577431
1,7,4,4.145879733741692,4,3202.9820476217137,1,95.20952035272362
1,8,0,42.92552232636413,5,3956.3859864447595,1,100.0
2,10,2,31.563363865085037,5,2488.122092434515,1,100.0
3,8,2,183.11055111125515,1,396.31373974791325,0,63.75892979126164
1,11,1,89.86333164267887,2,3195.0307420995277,0,63.976053998391386
1,8,1,29.119545069067456,5,7928.322765493777,1,91.08229486033031
1,10,3,71.62990008146704,3,3607.4897950305094,0,74.44003294094787
2,12,2,10.295021684369447,4,3240.4638547911895,1,100.0
3,9,5,39.662617647692684,1,9418.11384773673,0,36.48713381412976
2,13,1,3.7223901327142217,3,425.89087995786804,1,95.67394090318398
2,10,4,20.536669387818545,4,7675.209074463411,1,91.06168542882797
3,11,2,12.288257343528924,2,4836.105047160356,1,73.08963046583747
2,9,2,60.915826523331035,3,9445.180450030302,0,60.3764962253139
4,10,2,32.32907495938465,4,3940.772734192284,1,95.28621912310504
4,10,4,66.74810256793575,1,7083.342946685162,0,35.57062575020733
1,11,0,34.762354723550544,4,708.6542902612433,1,100.0
2,10,1,4.341833869267822,5,9288.436531582973,1,96.96732767852382
1,8,1,63.81186113993165,1,3451.9812413179397,0,49.58123999413239
2,10,3,85.97449190503156,3,5244.805712085022,0,72.8543650283078
3,6,1,112.24972356434449,2,1393.4312715420415,0,70.5752226642994
2,9,1,40.733436681627474,1,9456.123133490206,1,38.886330541990695
4,13,3,67.23550221327088,1,6732.974335259636,0,43.470238667394305
3,13,2,66.93625567451187,1,548.9352935927611,0,61.95819903259128
4,5,6,8.126704089713702,4,1560.515724001041,1,95.21840363904876
1,9,4,8.610752686134862,5,4004.3416364500704,1,96.63165714229024
1,12,1,3.5291185539869234,2,2175.5424137188747,1,88.21967566944919
1,9,1,18.505703123044512,2,3053.2094394681426,1,70.55356226922135
2,7,1,30.79297240993467,5,9974.936697153003,1,81.5329808309052
2,9,2,295.91020601547984,4,6589.900484526527,0,77.82464362811402
5,6,2,27.065430903064367,4,9222.953847121375,1,78.92122757970294
5,14,7,62.184620365067616,5,4363.625764794747,0,97.48251380600563
2,8,3,56.74567745018801,5,7105.720022060773,0,87.47738227055768
2,5,1,10.980563598946048,3,4602.3060186912735,1,75.42199363161399
3,12,1,2.893849282451846,4,3288.9631831216907,1,100.0
2,9,1,37.90430170899468,1,5196.539733545552,1,60.411791005223925
1,17,1,57.83961429799563,2,4278.837307456992,1,74.67793027021166
2,16,2,304.75982295388326,4,9805.60108032013,0,57.19007911100963
5,10,2,21.317722721615013,5,4966.702388111845,1,100.0
5,7,1,108.81004525407934,1,8113.020197658967,0,37.53608177958673
3,7,3,23.095561573757934,3,6671.526488275526,1,74.44238628641146
4,9,1,56.125779127124424,3,4801.476099802051,1,76.69107413485246
1,9,0,43.77276330100022,1,4746.759223938698,1,56.352852556051445
3,11,2,2.61282203956449,1,3425.482269449756,1,73.42800988951717
4,6,5,3.918308715763361,5,1078.7482582442406,1,100.0
3,7,2,1.007169351408316,5,7617.078596083795,1,94.2249882892844
3,8,2,22.24129346805369,2,9181.766984073385,1,61.65374238137213
3,6,1,65.74262620736225,2,2187.3689980545755,0,64.69203151972447
3,11,3,9.103432924289796,3,9257.478204352681,1,72.47977685851775
5,7,1,44.689500605120955,1,2330.719138402199,1,71.28614357047658
3,9,1,16.3603515039091,3,5305.490228817914,1,81.91161935818934
5,7,2,76.53662234505553,5,3442.783741310107,1,100.0
2,9,3,76.86963075838386,4,1153.9427712634595,0,97.65881619413108
2,12,1,71.68794550168421,5,537.8553658059178,1,100.0
5,14,4,35.71632187665851,4,3659.8118561208316,1,90.28228068495517
3,13,3,16.073612157292533,1,482.9652068489051,1,74.03690663252492
3,6,3,79.57485094204303,1,1051.0223110031345,0,53.284818151500566
3,15,2,9.884086131707873,1,1431.5528121918624,1,76.85149938913352
6,7,4,16.42328532302197,2,29.137904728200557,1,85.20618347332386
6,10,3,9.757288343229604,2,1540.989636278098,1,87.80422399436964
3,8,2,53.8321329247802,4,5777.014016979962,1,85.16309240509136
5,12,3,55.63748436604244,3,8197.035989738404,1,67.41752529529984
2,11,2,50.73692978935826,3,1942.3652944866178,1,80.86815526685616
4,17,1,25.784261238917214,4,817.9173124365278,1,100.0
3,16,2,5.066426002234851,2,7297.846842374363,1,72.94537340880217
2,13,4,116.20925620352351,5,91.54548745758817,0,100.0
4,10,3,34.019034759776495,4,7344.279399343448,1,82.55084794862836
1,7,5,25.080671627146163,3,1319.8611863101441,0,83.511751896638
3,6,2,42.659333026985834,4,2290.567770572841,1,89.42131152849129
1,16,0,10.280254148357447,4,1209.498409771415,1,100.0
3,10,1,6.825407916372798,1,2480.908188943431,1,66.59885257313053
3,8,1,24.963695443544168,2,7983.7776252333315,1,64.47531865778608
1,8,0,12.372565177054193,1,1334.1156101995068,1,69.83616832930915
2,20,0,13.44470227332948,2,9941.714666612404,1,52.72912921042367
4,12,4,107.05782240867697,4,3277.706783216941,0,82.70473733905573
2,8,2,36.31867972042771,2,9220.461573828205,1,56.121485129371216
5,11,4,31.70976467481431,3,1908.430467557111,1,90.54339857639242
0,12,1,56.136271636188816,1,1887.0962242445732,0,66.64352227858467
3,16,1,145.30483238412577,4,5657.703473600307,0,78.9217094640337
2,14,1,5.7123441423421735,3,515.4948481977326,1,100.0
0,9,6,86.06244486630922,2,8012.018947379573,0,50.00365146140774
2,9,2,42.10157401129514,2,4401.756354173858,1,68.44830720801599
2,13,2,7.584850880225119,3,6994.972768795016,1,71.67155348103658
4,8,3,16.92531896880241,2,1754.5757129252336,1,79.79351968267842
2,15,6,31.60694378025906,1,6427.149934354042,0,46.27733700018887
1,14,4,56.39939759501972,5,5944.765836973419,0,85.18039568892023
1,12,2,13.337905348093729,2,7559.055906660258,1,61.1806721320635
0,10,1,36.74195018162429,4,2981.038913583196,1,86.00869191227233
2,9,2,55.39875506327467,2,9332.324093965377,0,53.64776708490417
4,5,2,28.586403544987856,4,9613.397683263362,1,71.81504219929197
3,9,1,95.42226568024518,2,8682.554876101334,0,51.45987491356084
5,12,0,97.73129822971573,2,5724.617323943812,1,71.49808203799546
5,11,0,30.536798776878072,4,4208.679823906892,1,93.17386551234198
3,13,1,173.24019479976812,1,589.344261513849,0,55.61295795145173
4,14,2,3.7725251487790903,5,9472.805736595286,1,93.87749572038868
1,15,4,0.16166610336919188,5,9518.295623546685,1,87.73413457995817
3,8,0,22.997482899864888,1,196.6976652470417,1,73.32451395647912
4,9,4,44.11378335697962,2,3575.3065909407937,0,71.45042336227199
4,8,5,47.620457755778425,5,8801.563318900036,0,78.49624990989271
3,6,2,31.06150072532326,1,817.7118100657868,1,79.95303513486775
2,4,1,6.403106170525376,1,1973.6981033349716,1,72.18586357861446
2,7,2,8.972600724414022,5,9786.986395027712,1,91.49749837415499
3,10,1,91.75408302404871,4,8474.415233082282,0,70.3810460505784
3,13,1,97.16545624913158,3,9121.514305896799,0,68.77291666745957
4,10,2,53.786242199158686,4,1430.1226423666187,1,97.04160935388535
0,8,0,52.38206671458426,2,2121.046430078781,0,74.43989016048495
2,11,0,43.70461327312643,4,6058.111677673973,1,82.33341687396582
4,6,3,10.886765420370772,3,5022.364827816965,1,93.45431123097012
2,9,2,26.834624200603024,3,2992.0488715650185,1,89.97055058869398
4,7,2,57.138292625691655,1,8839.62453437509,0,37.50420249519728
3,14,0,36.98751539166222,2,9014.872269200374,1,64.49097200137535
2,5,1,0.900245609426553,1,2923.9232613646454,1,73.33324839582397
3,5,0,147.33721742908543,4,1565.9738745134784,0,81.16876691586373
7,6,1,89.43091718899056,4,1499.4332834954316,1,95.78255781920703
3,14,0,14.488409745171861,5,4849.4077019654715,1,100.0
5,11,2,45.998812070897856,1,1337.8557690595158,1,75.02116251174256
8,14,3,123.21905180739705,1,4738.668818731301,0,53.505238412680505
1,12,2,4.8450288098786825,1,4624.721387869976,1,63.58357649537995
2,7,5,33.56277946287611,1,8842.261029924513,0,32.86675672748828
2,9,4,29.244137790321254,3,2969.14229360237,0,79.74708886732712
1,10,2,25.34305291416625,5,5610.918061823365,1,95.0749645320258
3,11,1,86.65840846982168,2,7437.563644198123,0,56.60187624604309
4,9,2,22.995768790781394,2,5963.188802548565,1,64.56546839270894
1,8,1,3.157448662462877,2,9541.137771351569,1,54.645870703230514
7,9,2,3.2690463479359906,3,6026.7520301927025,1,85.8224429243494
6,5,3,2.096882606257296,5,9019.603162916417,1,90.0927911605051
2,7,2,25.25689692261651,5,2458.113328644892,1,100.0
2,9,0,60.82991749966404,3,5611.920200066569,1,75.91814331007515
1,11,3,10.93475942357528,1,5437.626206400878,1,48.645915638730855
0,9,7,49.9095718318709,4,9894.626580299435,0,54.34329613872251
4,7,2,55.768069770034025,1,2053.018070857244,0,59.950247925312425
3,14,2,14.14283543119567,2,1418.5240496761148,1,88.5029053832614
4,9,2,44.04892054767764,1,6120.6040555279,1,58.632948188729415
5,10,2,55.428708446982185,3,2244.6845118873125,1,86.65979762166488
1,10,2,30.168441941851384,2,6395.161903046395,1,68.9096132699639
1,6,1,19.70654040222525,4,9725.165994310313,1,77.14683130311214
2,6,1,46.336980295158206,2,9465.594894020602,0,48.927536495009385
6,7,3,182.86974208950676,1,2318.71921619354,0,58.956702615417825
3,8,3,26.716455747929576,5,1717.254518639368,1,100.0
3,12,2,23.86295016023191,5,5611.785478753832,1,100.0
2,6,2,29.957721322477084,5,5871.90510934927,1,99.04327938638826
6,13,2,3.805420407327479,2,6625.878213092697,1,73.05285925969805
1,11,0,38.66697744029144,5,7417.494350608216,1,94.05041724366436
3,11,3,19.129692284215757,3,6013.563533613322,1,83.58132463284906
1,5,2,6.21363488773758,4,1126.4125071594312,1,100.0
2,7,2,30.136336523863605,5,7903.678125988784,1,89.7034295552015
4,11,1,0.16270680991223618,3,804.3766734010135,1,97.65450842802733
5,11,3,24.662662449547135,3,209.72693530974888,1,100.0
8,13,5,5.364164484293772,2,7698.885384152646,1,65.28851054601029
2,7,0,1.1804466514903174,2,5488.090670112401,1,70.8587523765025
2,10,0,83.51875485805272,4,6988.928271679368,0,71.37482129427201
4,10,1,119.03543132239108,4,3833.645768833911,0,73.09571696520315
0,8,2,11.173592351785615,1,120.81401030967993,1,65.16424788893664
4,9,2,37.20021304842021,4,3316.8433378189434,1,100.0
3,14,1,15.632265007506062,2,6085.270976902195,1,65.97111431390007
6,10,5,32.65842512445563,3,2264.773673996396,1,91.89032078698011
2,13,0,27.54340885087608,1,6881.165292992984,1,65.15421028534391
2,9,1,15.04375989421641,4,7946.06608882053,1,85.21026702601685
3,12,2,57.853708693438136,3,4548.1273136719365,1,74.89024066486343
6,7,2,6.491366376642915,2,8758.455767710984,1,62.462784453369935
0,8,3,2.617586124632754,5,8549.617480045488,1,90.7491631744055
4,12,0,70.06175469452928,1,8781.798948390418,1,50.57309656616611
4,9,2,52.62743138791758,3,6613.759956241782,1,74.40849419362553
3,4,0,33.12978071777898,2,3054.8421067390627,1,78.7843656411534
4,11,1,30.274401571882535,2,4817.700310892004,1,79.14434926972235
4,9,4,33.023198178111514,1,7108.001388815603,1,48.00360308336824
4,10,6,27.576883953487418,1,2113.530896093102,0,69.79125126053529
1,5,0,23.954355206940495,4,7391.046657452718,1,84.48867403545441
5,5,3,33.24137172990675,4,5485.405284759472,1,77.56304359801248
6,7,0,36.08968098235508,1,969.2142284327973,1,75.00174313180287
0,14,0,56.51224244292733,1,5577.29040673167,1,53.27014443722282
4,8,1,59.6181920187004,3,677.0936207427081,1,96.81756269434122
2,10,4,22.76251343038541,4,152.9297776157542,1,99.82851754988268
2,12,3,25.615281876593738,2,8897.380422373772,1,58.75014522279907
3,15,0,22.460220981048202,4,4904.261954928902,1,87.88932618264435
1,6,0,36.913251765881554,4,5437.463653852845,1,82.69623017311937
1,6,0,28.989744341479835,1,2806.5783385863665,1,67.78038786229455
5,8,2,105.7734292244385,1,5432.01974738036,0,40.005137849419505
0,7,4,57.21199978904187,4,1696.9982345758303,0,91.04554148389937
2,8,2,109.88344297367674,5,7459.001515871406,0,84.37164933472867
3,14,3,59.27533843325588,5,8235.258112434818,1,95.45450247665207
2,12,0,169.9290597638947,4,8560.19904139341,0,72.31468213134829
2,10,3,48.47416972902636,5,1075.460647105021,1,100.0
1,12,5,158.96724532878068,4,5581.96645944448,0,75.40481330312382
1,3,2,8.264498648668114,1,8089.422188741888,0,48.26437261640127
3,12,4,2.587429749605686,1,1290.882717241759,1,74.03735180771208
1,9,2,41.54015239419864,1,1004.2288576590257,0,62.311761795053286
2,10,3,196.99119422970568,2,8171.250566713509,0,49.343841055809776
0,10,1,25.949126012709723,1,7969.393028523315,1,50.32313440855613
1,7,1,11.438986502496824,1,4492.4444382650445,1,65.65496289643286
7,14,1,35.38491336120336,4,1106.0145769120477,1,100.0
6,13,5,50.22698404232237,5,5166.070341596347,1,100.0
1,6,2,18.172672517688238,5,3954.083968046615,1,100.0
1,9,3,60.21394356340637,1,5190.288836129686,0,46.15758299594815
4,8,0,177.28657236355684,1,4404.55306823557,0,61.121028259186815
5,12,1,109.0880790331017,1,5689.458989774983,0,58.5740830063302
5,9,3,16.546834851389907,4,7274.025887947806,1,87.02299560531458
0,8,2,18.988774021339083,4,7750.850437472077,1,78.30850645969218
5,8,1,22.295272555598586,4,6493.332160396062,1,92.02852344884259
3,8,1,24.085818468729414,5,1997.4167443134631,1,100.0
7,8,1,5.074347733851298,2,3977.25902579514,1,75.66463301757942
3,9,1,68.8957669621667,5,721.5280470698592,1,100.0
3,14,1,21.823905420816665,4,4522.220543470963,1,93.9951716787204
3,14,2,101.70069437980263,3,9703.690733121262,0,56.49072916160195
4,11,2,125.59117375359514,2,6420.889768834197,0,53.871594114190486
4,10,0,1.1872658647990368,1,1554.579021488334,1,59.11158732857177
3,12,1,214.35241101740664,5,2693.0908211565716,0,82.32478432906372
3,6,1,59.42173169074736,2,655.0907265624426,0,71.9617683563437
3,4,4,35.2697590370091,3,1832.3147626181399,0,81.83362228153833
2,11,1,23.68906603264384,2,4883.538018343001,1,68.92868782069156
4,11,1,35.082561937930066,5,3455.1152504720408,1,100.0
1,12,0,18.83936534996255,4,2047.5835499145792,1,100.0
0,11,0,46.78475298350482,1,1474.5181514929322,1,75.6715681257835
7,6,1,4.684371992499811,4,6564.1504586022875,1,94.63953601119232
1,5,4,46.586045604793945,4,5585.442744959782,0,67.64772334856336
1,8,1,15.45885084723507,5,8427.97671902653,1,86.11638166549649
1,7,1,0.8540244116798051,4,1840.6963284202568,1,99.84788217107649
3,9,1,38.61785566406196,4,8481.374744683179,1,75.40504204323392
1,8,1,41.4629549311792,5,5783.332613872963,1,100.0
3,12,1,26.693648243023205,5,2669.569707857359,1,100.0
6,12,0,3.6015376330367785,3,2742.795874279427,1,92.73787350497315
1,5,1,107.43056440619807,4,3909.9000975370855,0,85.69999450330297
2,10,1,45.37363308764464,2,4606.670894501274,1,78.86935843270109
3,6,3,5.902749464201573,1,834.2257965214579,1,71.16378707122043
3,11,5,34.33203981258991,1,8421.571665006615,0,36.34247790252806
7,16,7,33.00820008227619,5,1224.1952825486987,1,100.0
5,15,5,2.990544725917907,5,4839.763831868518,1,100.0
2,13,0,44.81225964145768,3,3835.8526495773085,1,87.34979633595617
1,11,3,79.29414470244942,4,5127.747972276308,0,72.62575010768892
7,11,4,66.35205259221887,5,8875.950345511039,1,92.89941850588933
5,7,1,10.889386786690952,5,9890.992515162501,1,84.53141480999304
3,10,1,95.16593390955312,1,212.511013100756,0,53.97835696086333
2,13,4,20.1299830688176,4,3938.4619229346895,1,84.16901231101096
3,11,1,140.55505156471136,3,8177.929203863263,0,48.99907678727146
2,13,0,3.5736956542023988,5,3272.7627738171504,1,100.0
4,11,1,31.965029028687667,5,6493.871397426032,1,98.64487815178698
3,6,2,43.63811485934785,5,9922.66944562694,1,82.59703230520778
3,7,0,13.658580895997353,1,6471.245175271279,1,59.88350638385976
6,12,3,70.83335365730056,5,1120.8018624564565,1,100.0
1,11,2,47.32306654317603,5,8430.890249970316,1,83.96289210815083
4,15,5,0.8772201650251488,1,9666.90779855237,1,47.769954398946375
2,8,3,44.99683986829549,5,7127.9591287756875,0,83.2134391398288
2,9,3,32.45986852348892,4,4196.490317432272,1,87.32215331248167
3,16,1,10.473231887497336,4,9484.51775170079,1,80.71323008101994
3,16,2,262.1001225873722,1,9686.034430341491,0,29.704577311710743
1,11,4,109.18090747060963,4,9351.816267556582,0,64.48496550786858
3,13,2,16.609369242722877,3,4124.071833077705,1,84.12602722879737
2,11,1,37.38526043537072,5,7899.179662948781,1,100.0
4,8,2,18.265524174501902,3,6545.251796750259,1,73.35597011624577
6,14,5,71.70531111882468,4,1805.2695921970123,1,94.4510745081907
5,14,3,127.87228998553684,1,5359.793867754768,0,47.56386428542435
5,10,1,21.334006746876266,1,7479.433181195083,1,59.81465698060619
3,12,4,78.61230563108406,3,8960.163636893441,0,50.94880871682712
3,12,0,33.11843170000871,4,8627.35772036147,1,82.69478042583192
0,4,2,24.246692307675552,5,1555.0384168529663,0,100.0
3,11,2,133.79751423559625,4,4885.452132387256,0,68.12165711838873
4,4,2,34.28045397417051,4,4787.903608313241,1,89.35840676637179
6,10,5,30.24020740260705,1,8988.383248360244,1,40.92784924745105
2,12,1,53.57121334139727,2,29.353718277299826,1,78.85817088279188
1,8,1,14.533167570722279,5,7389.748240893006,1,95.59546722532033
2,11,1,18.851317300297826,5,6190.22875029719,1,99.14929122784872
2,10,1,129.06824944420185,1,9216.499017033897,0,27.10548118873765
1,12,2,54.47282742983013,4,4574.604329814062,0,92.26500579035519
2,16,3,84.11368652415725,1,6580.145776256251,0,42.85547240266216
5,11,3,15.179273629432217,4,9727.742833911208,1,82.81321253569376
6,7,2,37.67051834317905,2,7441.598591529929,1,72.61891613446124
4,10,1,170.60246615189936,2,683.1659015563761,0,64.7615998383007
2,10,1,18.42039667886554,3,1683.6601742170185,1,95.99398970256647
5,21,4,8.396197526085391,4,8216.296518567882,1,87.30332428607845
4,10,2,34.32766582361506,1,3354.607454326853,1,59.29080648032024
3,9,1,23.555073624364578,1,7062.121924876767,1,62.0665246543366
4,8,1,8.344810533760493,1,7001.239096104841,1,58.4407300548159
0,11,5,105.32119803445133,3,9937.068228648168,0,47.66306345047279
2,11,1,224.65513041011786,5,4704.028509127044,0,77.800497844545
2,9,2,40.35255552519506,1,7380.945281454172,0,41.39763023121503
3,3,4,71.53052748825057,2,497.04124408816233,0,68.84800757521182
5,4,2,94.04484240376243,1,4631.284296723955,0,41.40783928378621
3,13,2,57.94807328991452,1,1874.9486327231382,1,69.52511264729928
5,12,1,2.1677093060560417,1,8407.309801614638,1,52.66138610314213
2,14,1,8.233965836600412,5,8400.684236840549,1,86.5894998137155
4,8,1,3.5344754547573087,1,2371.280562849896,1,68.72827228372131
5,9,2,0.47657922215344084,5,3189.6686796335175,1,100.0
2,9,2,17.533350901791984,5,7027.753066758918,1,90.24625817835981
1,12,0,23.91196942961874,3,7385.276574888548,1,64.95328474548002
0,14,3,13.238048418811246,2,6579.739705122594,1,65.52798548042504
4,12,3,3.2057281340256,1,9966.97942888635,1,44.32538874865975
3,7,1,36.227103869007685,1,8688.14528773127,1,57.06946776423884
4,7,3,15.324870124339478,1,4176.4182187177,1,68.26284914324437
1,10,4,76.31123680368188,5,3276.497448203417,0,100.0
1,10,4,0.38809051667902694,4,5972.528982480844,1,91.31121577592441
2,8,2,88.7280763043972,2,8178.186994976703,0,44.15104554925064
2,7,1,148.59042791109724,1,4758.6813026281625,0,47.44083011955308
1,9,0,60.44432296448363,4,7379.549142248079,1,76.7362881411058
2,10,3,63.50024467883708,4,201.4087946653635,0,96.98316435567416
5,10,2,130.15155778450782,4,9259.14268189806,0,68.66038473441475
2,13,0,11.258276916308334,2,7740.60892787937,1,69.14238739371504
3,10,5,250.32001488338676,4,3947.9589667736877,0,78.19827947682867
4,12,4,71.27651281013266,1,3846.283131937728,0,54.312553762483425
2,7,1,62.24218665159088,1,1037.8392094075684,0,63.31583117030743
2,10,4,21.50364411929235,3,8163.3757015864585,1,73.60455709501548
2,13,3,37.880067876409434,5,7688.608797479273,1,89.87764580779121
5,6,4,50.93178844809056,4,6306.194578280806,0,79.55492561385793
3,11,3,46.48736160832777,5,1023.5501567189049,1,100.0
2,4,1,58.59493684995423,5,2630.790242714337,0,99.74548596676543
4,12,3,4.126743005865482,5,4594.555587913537,1,100.0
7,14,2,21.09651792390584,5,2667.059718204617,1,100.0
1,9,2,27.319739044780107,5,4345.399492297507,1,100.0
7,13,2,14.493881141521197,1,2267.315830970146,1,78.3579522991792
3,12,1,9.09599925547538,2,3502.509033022107,1,74.84033108636373
1,8,5,7.179674417178356,4,6526.44586713031,1,73.12669422544663
2,13,4,21.9029389012413,4,8924.687196989154,1,80.56671003523444
1,10,1,32.64556125001746,1,3856.456505515924,1,60.99407852120607
4,10,3,3.1222489506959286,1,6922.1632292959675,1,56.94111649848051
3,10,3,140.5099513440726,5,1356.5829329613778,0,89.68376740081607
2,10,4,69.56187444867044,2,5412.771598779057,0,56.97958197989935
1,15,1,62.999665060355895,4,9217.82521328959,1,84.46217737442387
2,18,1,9.109533427756784,3,289.0786865292603,1,92.1922567184641
3,11,2,44.44022799193306,1,2682.8980436508173,1,64.43159140011252
3,17,1,36.21300172301715,3,1333.6104014646412,1,95.58526330553578
1,12,1,194.10123552205076,4,5335.883580169183,0,71.8025510335737
7,8,0,66.09717788667189,1,6799.62821607254,1,58.028852684094105
2,10,2,41.1580985460841,4,587.2141287104622,1,99.55228439161054
3,8,2,91.3225195549769,1,712.1413621991074,0,60.510891243646384
4,11,1,8.089450607873413,4,8697.595635561565,1,82.30526295874856
3,10,1,0.7360074755042347,3,4567.769154189408,1,83.05623416132767
6,9,3,56.25292576075455,2,4634.886480390092,1,69.87683295169059
5,9,2,4.967333671054603,1,9446.358145631588,1,53.32186681281423
2,10,1,5.887571651511411,3,3208.8940065466686,1,81.44557480307238
1,10,1,65.53154226007626,4,8971.266233857576,0,74.21692447462995
5,10,1,15.141296475158146,3,9742.804898316874,1,66.72322721172047
3,11,2,47.54686473491064,1,2424.525034527799,1,68.37391607537593
5,9,4,119.70381374268928,3,5145.248103633304,0,62.0897817967646
1,11,1,18.26358536768075,4,5348.217967473582,1,95.31430931913043
3,6,0,11.750722059413675,5,8663.019436802719,1,92.91426496534383
3,8,1,5.408607646866924,2,3046.0422824543975,1,74.98977468931051
3,14,2,6.710095608518161,2,7982.444009100614,1,63.19029467349659
2,4,0,3.0836531174102193,5,9710.363838867337,1,95.5122989957012
1,7,3,4.402715390108248,1,8404.96316091555,1,46.92105947174146
4,13,1,27.150813080782832,3,9092.311431732607,1,69.75003200676889
1,9,1,18.572899952888154,3,7086.460847038266,1,80.70856681947868
7,12,7,58.85207352047485,5,9040.518045168965,1,89.40220534062473
2,12,1,98.01991046570325,5,1656.8578471697504,0,96.20321403695073
3,5,1,73.73102101117155,4,7126.490536265844,0,73.43452386216848
3,9,0,36.30620973797235,4,7321.4547761650465,1,77.37510437610264
6,4,5,5.187727980052013,2,4397.417655529212,1,77.3385049797879
2,16,1,59.37946601475813,1,806.5872889055421,1,71.94624443843195
1,9,2,21.63440551542668,1,6228.213025145664,1,56.72759295120603
5,8,0,4.298029414861254,5,528.2892576391018,1,100.0
2,6,2,88.70959468416567,2,3830.2009366039297,0,58.21384590938313
6,11,2,19.81520840510387,2,3942.765587467759,1,78.48247499533329
3,8,4,11.818501882363568,4,9989.235859548695,1,65.18825024202542
4,16,2,98.46976349868369,3,3005.022316953814,0,83.6500424345751
2,15,2,111.55942745796398,1,8206.334839857649,0,35.461038984977705
0,12,2,19.869951402124478,2,541.1851353313544,1,73.43013455282832
3,6,0,21.03346235940702,4,5302.362194004546,1,89.92915474041364
5,9,5,41.59759202265476,4,5371.54986877456,1,88.71227683110901
3,9,1,63.46375315444524,4,6291.211033412678,1,78.66307102665752
2,5,6,3.1310996663034736,3,8101.9519818654835,0,62.752680603374785
3,12,3,43.1897672051624,2,7621.614583414248,1,58.066872869126684
3,12,3,146.58175269756177,5,7612.471202040421,0,67.57772525328804
2,12,2,14.589057332519644,5,4328.616403899626,1,100.0
2,15,1,114.9599436776507,4,7277.440109840599,0,76.01255838818123
3,9,5,143.9570289260173,4,4918.244020313724,0,81.06276771275668
2,8,0,15.050496983525399,3,678.842271666572,1,96.41606734165127
1,11,2,67.35574430162,4,8902.916008291153,0,71.62856651882038
2,8,3,13.09566298315046,2,8902.731428326217,1,49.21286843921562
4,8,1,64.22053247548085,4,3235.5588589048416,1,94.80872424768582
4,6,2,76.63777281580374,4,9139.887166616592,0,67.05550874957045
4,10,1,13.630236835248024,2,7582.2605446657635,1,66.09892696333814
3,11,2,60.399446050143865,1,4014.004296311611,0,51.7721440642789
3,3,1,80.2497373726736,5,3321.7409282682825,0,99.56493914380364
1,8,1,21.315314495496246,4,9751.675566867149,1,68.3209018752645
4,8,4,8.811151754837915,2,7129.143361481996,1,66.49809473010205
2,10,3,4.630650161478902,5,3794.3114481642897,1,100.0
2,9,3,41.115102708273156,3,6423.419040928243,0,80.54553544334573
2,8,1,183.41677295289523,1,5719.546728383315,0,46.33891954485918
6,10,1,83.10359558161811,4,5250.154826812568,1,89.27831555128338
1,4,3,27.476003508836886,1,6450.571969130319,0,39.54881812882486
2,16,5,36.922069228146675,4,5380.886958581816,1,91.46524552686775
2,5,1,15.736731223352905,4,6551.355633326943,1,70.41334506146123
2,12,5,8.544475495928854,4,9076.609936614153,1,80.31537316051411
5,13,1,31.580962805842546,1,9932.717031771266,1,51.98604992815488
3,7,2,29.889198535016916,3,7095.7758647466535,1,75.61428561168809
1,10,2,35.423904718819216,2,9278.929809486823,1,56.99557924543185
3,5,1,146.5660100586515,2,8585.518436290711,0,41.5623178008202
5,10,2,44.45168203678418,3,2957.423605832979,1,91.22057896833836
4,10,2,44.67962123653723,3,9329.750750599926,1,64.59550882901728
4,6,2,6.575724156136614,4,717.3819105256886,1,100.0
5,12,2,271.2871808217272,4,3305.918992225013,0,74.92333805695631
2,8,3,71.14187662262253,2,6403.049901696952,0,51.79770293989804
3,8,0,100.66682379243665,4,5273.885304492469,0,84.60536462644836
2,9,4,25.67751691343448,4,5428.699804365332,1,93.85686901505333
8,9,1,33.475797863875236,3,7950.9344147144675,1,74.5071506507329
3,12,0,35.43935495226134,1,1955.089786039061,1,69.13333510572912
4,14,1,10.357864212432574,5,9820.934344574911,1,97.01818117511999
5,9,0,56.13774983787786,5,4380.207690698734,1,100.0
4,16,1,111.97460959481121,4,9498.934215407897,0,71.15524614352802
3,7,1,8.581192109666048,4,3837.3274863233582,1,91.7808109681101
3,13,2,4.333103453528915,5,6021.848821827841,1,100.0
1,13,2,64.33183880590744,3,4508.6115985181295,0,74.41557928249631
4,12,0,15.317110207284934,5,6762.592286881183,1,99.52060307756749
4,7,2,46.93442983659109,5,1844.4110465480233,1,100.0
3,10,2,57.11678172282338,5,4012.2790430764444,1,100.0
2,10,3,18.646866363194917,4,693.1274098532398,1,100.0
5,13,5,81.03270562681517,4,5985.033155730235,0,83.95632794657362
1,14,2,38.32719419169002,5,9627.190168905337,1,84.3032769503125
7,14,1,97.56256494428692,4,468.6060864222837,1,100.0
3,7,2,69.164857150126,5,6599.703944770649,0,84.55287238123071
4,12,0,97.40753958717593,3,7753.228656740221,1,76.83434376381445
2,14,5,0.9776350324101124,4,2138.9531575345127,1,97.68995813844721
0,7,1,13.39492904230719,1,2738.012190751785,1,63.30950630259083
4,10,1,4.52733145315578,4,2023.7950515379532,1,100.0
3,11,1,28.01016499171775,3,2981.1522403963118,1,91.92091129379835
4,7,2,105.93179750967784,3,1109.724766341808,0,81.87183698509897
3,14,1,30.251903719102224,4,3709.7752341413693,1,100.0
1,7,3,90.97002126136415,2,3695.602661190804,0,62.83771318146441
0,9,4,19.0211916217486,5,8074.601891488035,0,82.85746093857118
3,8,2,19.91348405727268,5,8011.573572851176,1,91.0599419490857
2,8,2,108.43963694174052,3,7969.266399460554,0,57.05028687194969
6,9,2,26.63075391878003,4,5674.688773057114,1,89.48405816044882
2,8,2,74.85751903443199,2,3265.548061794682,0,59.8937251880628
4,12,1,12.961448877263772,1,4115.535518840333,1,64.92947127137843
3,10,2,142.65753368204588,5,3184.257612573197,0,100.0
7,8,2,41.0243635688617,2,5823.459770757406,1,78.65818110727115
5,8,2,68.3664890787149,5,9380.411421923525,1,83.94511698326009
4,9,5,4.501373904517807,4,2852.122872716585,1,88.45162108591178
1,10,2,32.5719464702808,5,4593.929658284836,1,97.36750397212258
6,10,3,111.02516978283703,1,6554.618132092008,0,47.45075466626078
1,5,0,100.60248144953607,4,8448.502168837871,0,58.05119364434714
2,8,2,2.3013684656706483,3,2540.8058672032384,1,93.18539639571674
1,10,2,17.374678965904373,2,2810.0966102941015,1,79.01150351944204
3,13,1,28.116706659325047,5,8852.803667236803,1,92.74049438147172
2,14,2,9.074975992929888,4,811.778618658172,1,100.0
1,7,1,62.847699091710055,4,6058.421583612454,0,72.91022897782375
0,8,2,9.790491193490233,5,8605.949606798911,1,92.71062554682715
1,8,4,20.43007354320599,3,9218.210076011817,0,62.30112312027192
1,7,3,52.24826140218602,5,136.74566978635892,0,100.0
5,12,1,31.5817215060475,3,3702.963115166901,1,84.33308185750228
2,5,3,64.39644915084386,5,2580.075213349256,0,89.3305318924366
6,9,3,155.97785725702687,4,5684.645561859485,0,75.2867301931433
2,12,4,5.948007967934959,1,6332.294145368156,1,55.71734231121824
5,8,3,59.34647197354532,1,9997.747031279232,0,38.22460574891628
2,11,1,12.566967331925394,4,5132.497344020267,1,85.72514511932357
1,7,2,25.69196872789793,1,5519.154118585325,0,47.0462830056462
1,7,2,1.6039120683475963,3,4148.991942978363,1,77.63947743750163
2,14,2,7.011615336130552,4,1485.295606007371,1,100.0
3,8,3,18.49608087979762,3,3040.213156403179,1,87.3704784306905
2,10,2,20.089381218184414,4,2477.3793279332076,1,98.30502261184078
1,15,0,110.32540013619484,3,8014.184716569937,0,65.39019027573895
5,9,1,64.99539835097913,3,5462.7060513076,1,83.6235708260916
5,14,1,171.9411259555048,1,2968.974365851267,0,57.15372151448238
2,5,1,43.87066548438355,4,4896.038099906098,1,84.63349690780618
1,8,1,13.281326519400363,5,2196.460182123201,1,100.0
3,11,3,19.0552186486213,1,1859.420234226447,1,79.14569789489221
0,7,0,18.500218590769983,3,8600.82295004644,1,71.72946591163875
2,9,2,18.97242532749046,3,9448.660436116728,1,70.58289544189785
6,6,1,53.64890648338617,5,809.345932191609,1,100.0
7,10,2,36.323666850430605,5,7651.178244792341,1,100.0
3,7,1,23.36750254119815,3,4538.582248908629,1,83.12115424778077
3,12,1,7.749534822745179,5,3895.826696669451,1,100.0
3,16,1,1.0746197985054136,2,6897.218982382732,1,64.83536290839561
1,10,2,11.854486613668874,1,2669.874316490313,1,71.09895552786506
3,11,2,5.457442822579161,4,215.60645057303796,1,100.0
4,6,2,73.88108673703536,5,2147.8884497219497,0,100.0
4,10,2,5.7285339158609565,5,1857.4015163245974,1,100.0
1,12,1,61.83272170262296,2,350.15332172008954,0,80.33667064974485
3,7,1,23.38582202090155,4,3219.94100610295,1,96.93531236372476
0,12,2,3.658079240318905,2,4750.440149806257,1,76.65785822866873
2,9,2,80.4097976240961,4,7360.928683535279,0,69.47685475369201
4,12,3,41.59782526304135,1,3263.356641671043,1,76.84771381060253
6,10,2,12.906018364243828,5,1953.4572539208566,1,100.0
3,17,1,108.03662853866217,1,2313.8914948435176,0,63.20639430286569
2,16,2,2.2230941192445774,4,8912.859020825528,1,77.86180271008449
4,14,2,10.820191305065455,5,2055.156860109514,1,100.0
2,9,2,66.93675723581288,2,8793.614268489939,0,41.95612034392177
4,13,2,59.31511610294704,3,4476.518964923076,1,75.61090607703419
2,11,2,16.390322458391772,2,9344.66031916178,1,62.47347013369009
6,8,1,3.0735287948845986,3,4086.8404416839394,1,84.51452073482336
2,10,0,93.71895249502803,2,1785.0525087201154,0,62.62548805749154
0,5,1,18.06897540152296,4,5494.808992821263,1,81.98929290138547
5,17,5,10.454381962649245,1,5881.188962462186,1,64.99354464140481
3,11,4,34.83830940358706,3,6358.538139699965,1,77.03800512728246
2,13,3,115.70271537052759,4,4120.852217510576,0,83.67981791704536
5,10,2,2.1371129957917727,1,495.5273945370069,1,76.5702772118819
4,11,2,69.67666959692525,1,6270.932030265624,0,60.75388773179763
4,10,2,40.78744165734685,5,9330.971241127048,1,94.94917095190593
7,8,2,26.59999755094499,5,9576.010698772245,1,84.95052909458366
2,15,0,65.41882169616292,5,5972.884824931536,1,100.0
2,13,1,162.05971464052138,3,208.67130936477386,0,79.71138271377815
5,5,1,12.496051226276233,3,1069.3244236796347,1,94.99547439636493
4,3,0,7.443505487030725,1,8341.565352436734,1,53.403011159495286
3,8,4,117.14346398199298,3,8299.146932156887,0,52.08098175846793
2,12,2,53.063767377808475,1,9460.695896630938,0,46.397016535897286
4,7,0,27.65897072314678,4,5642.106484439463,1,89.054322016971
4,10,2,40.875808487323276,2,8639.524781739707,1,57.183464381881116
5,13,0,65.70730117063982,1,8250.620387561954,1,56.695608814739025
1,9,3,71.18139812676871,1,5898.31385400893,0,54.593830455845136
2,13,2,121.17152537255411,4,7838.539158136866,0,65.3090064097857
1,6,1,26.71657127853439,5,1265.8483396795896,1,100.0
4,9,1,16.670687248300943,5,6395.635541232402,1,100.0
1,9,3,48.99451631402481,5,9534.975053808568,0,79.23131304779467
3,8,3,25.794646981078042,1,1627.9554094096836,1,70.1252692113636
1,9,3,43.3381071037507,1,7442.986391182011,0,42.59097759259541
2,13,0,26.145729135391658,3,3214.6501154604125,1,92.27372466129333
5,10,0,7.97038127695304,3,8172.868197941122,1,77.12082945271038
4,12,3,30.422268302449865,2,6975.137227719619,1,63.56846964919366
3,16,3,56.359108273512206,2,9262.480833490168,1,59.45435776851815
3,7,1,77.08144066319937,3,7122.234842742014,0,67.10538545349053
5,4,4,32.634625273520314,1,4109.002843678987,0,55.15928784314828
3,12,0,8.669207672550062,4,118.81641955835464,1,100.0
2,8,1,25.709267737322534,3,7931.239798740574,1,68.36646594454503
1,14,3,74.07137795209246,1,4090.5650168875013,0,53.11774071130993
2,9,2,25.5595557348364,3,6709.634607400249,1,77.32250442358188
1,12,2,57.2388064924115,5,1059.6141476717034,1,100.0
2,12,1,33.96862225409782,3,8910.776672617574,1,64.74083013064869
1,10,4,13.250280829489643,5,4362.221396090986,1,90.75940455542867
3,6,2,76.33792040935799,1,9197.720420748732,0,33.81403828250719
3,10,2,4.222654556390696,5,7073.104163606965,1,99.24466210058758
6,7,1,35.72205686144401,3,1223.4079983595516,1,98.30999628634598
5,6,4,11.247339059545954,5,5796.174167942915,1,100.0
6,7,5,3.3321802572063417,4,9100.245134938454,1,79.44271162875734
1,7,2,33.553552240574035,5,8001.705893235479,1,79.1915229343091
2,13,2,33.22905002980586,5,4185.624271686737,1,100.0
4,7,0,58.90773636535752,2,9551.09332856653,1,66.29373083563706
2,12,3,65.54469778222588,4,2693.0760462072526,0,97.33332001664591
1,7,2,62.45697219239965,1,3757.3259561499744,0,53.2049658713088
4,13,5,25.29048534323179,5,7499.644591135116,1,92.59128021123344
4,12,6,47.943826868131595,4,2336.7165265830054,0,91.55068062149265
1,6,3,41.292175598376524,1,5158.590954895884,0,56.280609871702644
4,4,3,26.276327529293496,4,7290.604009140502,1,82.91836867317699
3,8,3,43.64863840777391,2,6443.237983762057,0,57.858121303627435
1,13,2,141.22326026025942,1,1562.1454420684727,0,62.11447366682028
2,9,3,10.286397651794424,1,6300.306558117068,1,45.9253810847924
1,8,2,113.37786807271823,5,5731.378182763021,0,78.33134482033067
2,9,0,2.6369908267793867,3,5582.869802140734,1,78.4930299915286
2,14,2,17.699132543349858,1,8262.21139350709,1,58.06863066445662
3,10,2,16.31430668352263,1,1847.121265024889,1,69.01678205339888
4,12,2,47.254856767937774,2,7518.14421056404,1,54.74101794137535
4,7,2,6.7522104015461295,2,7611.650917173468,1,62.13338799208162
0,13,1,102.72100152768782,2,7229.227941412875,0,47.29461891049539
3,6,2,84.6466471260551,5,5064.623451652813,0,88.02171165777602
0,9,5,50.675613797903324,1,3961.432089899997,0,49.6753258448982
3,10,1,29.43614863054985,2,3952.824829128067,1,80.44087838224436
1,14,0,129.7155257899571,2,7340.749052282983,0,47.57954164077338
4,7,2,85.26518453955329,4,4983.988058802885,0,77.26799618290403
5,10,0,33.20536386773056,4,3390.9529050669594,1,99.54887495456798
1,8,3,58.091371089823454,2,6258.442147209163,0,55.02976372047473
3,12,2,40.1690779587096,5,8371.742492425137,1,89.25675744849944
3,10,3,42.55640358588995,3,624.4723242711348,1,81.92949718714246
3,12,4,19.292901544662367,4,9721.648208136661,1,75.38748221328083
2,7,1,29.76259146497906,4,975.5528764232242,1,100.0
3,6,1,3.9044048532358158,1,5122.263825822153,1,62.25269222407995
3,12,1,21.2233435480158,1,5606.493344937583,1,67.93616905854103
4,11,2,57.12785483586222,2,1390.7249465598682,1,81.89628207763809
3,11,1,146.9863040121385,1,9156.781592646617,0,30.268123688058648
1,12,3,158.3314390421784,1,4719.956102152014,0,53.22138263534786
2,8,4,38.94272364597634,3,1439.773939459329,0,77.76431816907247
4,16,2,44.78327699698752,5,7119.00790444923,1,89.28264887307918
1,5,3,9.861717488301565,2,6637.409408973672,0,61.343068180018605
4,13,1,57.0458017647168,3,9629.02704211666,1,64.47070468968947
2,8,1,3.5174075075383953,2,4420.748083630605,1,74.67148836002859
1,7,4,16.081595164969322,5,2685.2817719159457,1,97.06350888242723
5,8,3,52.978335787895006,2,609.3401228896682,1,79.93228775585607
6,9,1,17.832635924928525,1,7333.884035551891,1,59.89470129752963
1,10,3,2.454341867222412,5,6176.604115411919,1,100.0
7,11,2,85.58497075311011,3,9726.382240658588,1,59.83184600967643
4,9,2,17.834019216407942,3,7124.528148238288,1,70.35024011024139
3,16,4,3.1288465340282894,4,9332.283184582779,1,83.30842743587002
3,13,2,3.7311627043465876,3,9915.872159848008,1,67.77587395010235
0,7,2,13.921434790792219,4,4290.027130884531,1,86.8137460631323
3,10,4,9.40964566209385,1,1511.447183559078,1,70.35234845093468
3,8,4,71.4503576161251,3,1966.5492612636042,0,75.9133325018562
1,11,2,18.63082040274982,5,3190.568478892044,1,100.0
0,7,1,78.39344924904418,4,5093.868712992065,0,79.11590692989655
2,12,1,9.1667558172566,3,1232.975793969598,1,100.0
4,10,2,32.59228795844248,1,3024.1615398338045,1,66.19314622864243
6,13,2,55.91381357060758,5,3084.8605353553244,1,100.0
3,12,2,50.6652728428012,5,50.81569309748091,1,100.0
3,10,2,44.117676017534144,1,3548.1457092672636,1,66.1421961060345
2,8,2,124.2187847527835,3,1170.3604788458674,0,71.3109522586072
1,7,2,12.453657771415484,2,4302.816682827268,1,69.83904697094962
0,13,2,32.67186392252938,3,1973.4020066634537,1,96.31465859333404
2,10,2,103.39684158836621,4,8222.92125453503,0,60.18531375530995
6,12,6,3.892552337559672,4,814.4482742104973,1,100.0
6,15,2,2.760516477082248,3,8657.94770986782,1,82.6780290556573
3,7,1,12.751808259057611,4,5809.460889090737,1,94.79948347382549
3,12,3,48.11766007218368,2,4591.820225351591,1,61.436281255909726
2,9,1,14.445237074545753,2,5501.925745770162,1,69.98010894358163
5,9,5,10.128826945340984,5,3767.330200484916,1,100.0
3,10,2,29.470591722628797,4,1284.8429308695313,1,96.74325535413578
2,20,1,45.64210457507974,3,7661.139359679962,1,79.27044487794137
2,10,2,13.716521368718794,5,9279.836785063191,1,90.90131906804362
2,11,1,17.167816384995895,2,9501.175554967449,1,56.72997731016595
3,13,0,45.637289442174186,5,6710.407947165217,1,93.14565995844276
1,6,5,139.869066709585,1,4109.370790901506,0,54.97720755428458
6,10,3,53.91051491718238,4,4788.8160231422,1,96.1702861487462
4,7,1,73.31598184052804,3,6573.087312923263,0,68.62891016894702
6,5,4,21.93527489021992,2,8232.494439918395,1,61.204217422732405
2,9,0,15.254576956651352,5,3751.9257040549746,1,100.0
5,10,2,29.07008619239799,3,9168.644435563301,1,62.131364194811376
2,11,0,78.9961708168362,4,3249.4788277568227,1,96.94491355721681
3,16,4,29.249135807707543,3,5313.28915551877,1,82.40750376258829
6,13,4,90.02516411387558,4,9614.00438235578,0,75.42403462642002
6,8,2,215.4884592543834,4,9382.607165101846,0,59.615063650412935
5,5,2,3.5881094991355647,4,6960.493444382215,1,88.73389663124374
4,12,3,2.2307286511548083,5,3252.356342805337,1,100.0
3,2,1,7.777744488300472,4,2198.1599815081954,1,100.0
1,9,4,23.285213689912126,3,810.6321197821068,0,95.2194182947296
4,10,0,6.742114895304591,1,7089.45750334646,1,56.57637223119767
3,9,2,98.17657452201766,3,5039.4724330803365,0,65.50908029047177
4,15,0,1.1240799424043546,5,5727.15406250313,1,100.0
2,11,0,18.215729326856753,4,4729.197817518121,1,91.95981560748324
2,16,6,9.801242312737145,1,4834.6348713986945,1,72.98816135391883
4,7,2,128.71180135162896,5,5717.023455857602,0,75.35785970396829
4,9,1,53.14037507924391,2,9143.477441698617,1,70.79005318787046
1,14,2,116.67659265291795,2,303.3693316857965,0,73.1179133339588
2,11,4,172.1932740767105,2,8018.351427935892,0,45.55010478391902
4,5,1,32.99330128420384,1,3911.2574429770743,1,58.89485267892492
2,5,5,12.815509736656892,3,7451.793430157168,0,64.80243511408256
3,5,1,10.33608477715913,1,9485.77802915112,1,45.590481362184825
5,3,0,12.106104429679874,1,3069.8070653280884,1,76.42663179047538
2,12,1,59.18570012116846,1,904.6508210705514,1,71.14360987188662
2,7,1,1.9817473185149173,2,2330.661378786107,1,89.36922860627976
2,8,0,2.530897447254639,3,2228.7073828145008,1,90.97753564832959
2,9,4,44.96919142218586,1,7421.075680427937,0,42.90282277019797
4,12,1,49.31433278790827,3,627.9632354339225,1,95.31609097773837
2,7,2,52.53167539372026,4,518.8264627587803,0,94.47331997176578
2,8,4,22.321192862266642,1,6939.149858893521,0,42.470082385371356
3,7,2,78.70142791048916,1,5571.629651911478,0,49.63468351597837
2,11,4,36.61268944539583,1,4183.497772983603,0,57.03414944180619
2,10,2,5.349693747920322,4,5757.930385700682,1,91.01782228482767
2,11,4,76.56185361660044,4,7355.126580626704,0,73.21865298000277
5,6,4,146.83444701145288,2,1043.6790133407253,0,64.913518606147
4,4,3,2.9718736952568565,5,5537.331295649616,1,100.0
4,7,3,23.83267625221055,3,8245.924160813911,1,75.31718124512784
4,11,1,32.08732202180532,5,3630.6674140773407,1,100.0
4,11,1,7.602022967636171,1,7632.549696350165,1,64.1682631679615
4,10,3,97.09204044825819,1,8455.754183073626,0,31.163006534928407
0,8,2,16.04563848520191,2,8211.082626283138,1,51.53901078261699
1,13,3,73.33906947695144,5,6507.060455838753,0,79.83885197555884
4,8,1,53.36067630753627,1,7176.2717387806215,1,48.288820541293454
1,13,2,43.74802478862804,5,7878.875055340662,1,88.95801075918101
4,17,2,10.241761393537733,2,7339.756001881344,1,69.8950801296889
1,7,2,11.969458354745647,5,4522.284821242922,1,100.0
2,8,1,2.3282894171232837,3,1599.618219290836,1,91.82780668146302
2,11,2,13.21798526166181,2,3104.2086928564167,1,81.04230438684462
1,14,2,20.342281879069205,5,2080.3931567981613,1,100.0
4,11,1,85.95033255916057,1,3620.8271017067723,0,54.89941306099532
7,8,2,21.90364149843847,4,4898.417491022457,1,93.46269340439306
3,7,4,67.43781671861456,4,9590.876250625117,0,64.72138899022723
4,7,3,27.78350710081966,2,9595.033321942734,1,47.10017287687661
5,12,0,73.75223692816672,4,7698.189323959397,1,87.10375334365229
3,8,4,179.57196741245974,3,9801.60148074977,0,44.58474485556969
2,6,2,13.16296277711451,2,9980.178000086345,1,58.39746909621856
3,10,2,95.18304536775528,1,8853.714910508448,0,33.54676079609683
2,11,2,46.674998950792784,1,804.240796229319,1,65.36642622392655
2,10,3,81.594163543792,2,4266.180593607976,0,54.339939715098765
4,9,0,50.60945138920016,4,5345.858610443167,1,94.42553996024135
1,10,1,26.474878135001617,4,1249.585030300318,1,100.0
5,13,1,12.425654663276408,1,8088.219966158819,1,53.15783490867991
2,8,1,3.4852113721129534,3,1495.347315338321,1,100.0
3,7,2,36.80799635930498,4,3839.4544661759096,1,92.70467225524344
6,11,1,222.63951244116947,3,698.4326774795346,0,77.89338313830922
3,13,1,64.29937675560936,4,5250.684948706843,1,89.86149859755103
3,13,1,19.033128751731407,2,5974.444053878493,1,67.76929304208356
7,8,3,84.27111366133072,5,7354.4167331051885,1,84.87605401781687
3,9,0,70.33287876256014,1,3401.2202719427005,0,57.845467992563655
1,10,1,15.877372173391574,2,5909.409681035778,1,72.09916079400243
0,10,1,0.6917197820021692,4,7344.131923208114,1,76.83048370015857
3,11,3,6.035886595652358,1,7622.731137611139,1,47.44873270122198
1,9,4,100.7070422077906,5,3023.4020460358706,0,88.3581937943711
2,7,1,86.94373920077726,5,686.3622624794691,0,92.77919448042657
1,6,2,16.792990812863778,4,385.8185807400271,1,94.94577491085573
3,9,4,16.115812661880568,1,7682.922244078911,1,54.33659810818698
1,12,2,75.57045418130018,4,3860.5347826406455,0,81.3027975722321
2,8,0,133.2669828994687,5,1348.087201405482,0,92.61914284102387
4,7,0,72.49026441079309,2,1853.0444658575093,1,76.01584238681575
3,10,2,44.65610848278972,2,7663.843243283203,1,60.8009186281423
4,6,4,13.341982667775543,3,5993.0309869007415,1,82.97140042638357
2,10,0,35.808781048971206,5,5019.017629974072,1,94.06732766584295
2,6,0,12.764930490411516,5,6233.845780389081,1,95.23345762265029
3,11,0,79.21533064291378,4,1383.6205460326667,1,95.49676092006476
1,13,2,23.487688955855408,3,3197.2320066724687,1,88.7912646788892
2,12,1,86.10936758739662,3,3746.894538676871,0,89.39593248094849
4,13,3,23.07046502407976,1,3151.83271610409,1,71.38318890045991
6,14,1,83.42978580667402,4,8645.518958228013,1,80.19574694070961
4,7,3,19.46120789409304,2,5818.397235079647,1,62.28507799498687
1,10,2,27.842663801612275,1,7295.920860764098,1,42.94741638221485
4,11,1,45.87750584377367,3,2374.693837858208,1,95.02041753855835
4,10,2,3.498240147075585,2,2648.0996325845467,1,77.31716402539773
1,9,2,142.10407043971878,5,2261.1064709506813,0,91.60867478327106
5,10,1,40.914766844702555,4,6882.9159806791195,1,96.44066907077773
2,9,3,34.02771866821718,3,3496.919546948279,1,71.92594690019831
1,7,1,87.78244504547996,5,4056.790482717589,0,91.58904252992589
4,9,1,96.39102587576743,3,7094.124862310222,0,59.90041716498719
3,14,1,35.45709476574109,2,9718.269031813223,1,67.40402706357672
3,11,0,125.8029990720733,1,1627.1343841958467,0,52.10424363032817
6,9,2,3.2125595964875995,2,636.1359196656863,1,91.09010146845247
4,6,2,5.767914542133624,4,1956.5108603549345,1,93.84374236566664
9,8,1,43.59808181849279,4,7352.25724278315,1,95.4199319143909
3,10,2,20.978771214622164,3,1954.3266375796732,1,96.45673590059315
2,6,0,29.953982032614206,2,5847.680502222614,1,64.6898136364165
3,7,3,19.085511800801825,1,5907.262199624831,1,57.36405535110184
2,9,2,24.89915128954938,4,2951.2867719678397,1,100.0
5,12,1,83.02125605334484,1,696.5755359675209,1,70.88216506387413
4,10,3,43.20541453268613,5,3998.0131693415306,1,100.0
3,9,1,284.69476211048703,3,1875.9863683427907,0,73.882000956977
5,10,2,74.20301412763114,1,1852.8873705625756,0,64.9407094166365
3,14,2,15.347791905381753,3,5230.6628215771225,1,83.7540845316425
1,6,0,14.735720648671847,5,6734.480169596558,1,99.5067633667477
3,8,6,19.647356812113006,1,763.3963721426147,0,59.31824154640509
7,15,2,88.95185202717516,1,5787.4307724385835,1,54.951019077631734
3,13,0,1.328009915447885,5,2469.554418050123,1,100.0
2,7,3,12.556810509947923,2,6736.24762958663,1,65.38600264779943
5,6,1,112.94496108786127,1,8104.056203661643,0,29.959272496336656
2,8,1,49.02545334512209,1,8072.066220302179,0,45.79838194531164
4,7,2,12.349365281258667,4,3704.9149688249354,1,100.0
1,6,2,11.87355672515707,2,5677.024042036668,1,65.68981402906662
3,8,1,95.27955133665796,1,7939.014886535429,0,39.01976574817653
8,13,3,107.61749471095143,5,617.4945121899672,1,100.0
3,8,0,14.202741945762163,3,6060.187118361898,1,81.17291761694622
5,5,4,26.1891595451269,5,8366.854618406212,1,88.03066151749096
6,7,0,86.36941116900752,2,3729.846409036249,1,70.34072256488135
5,10,4,70.75515643046793,4,4559.527058673055,0,82.92992208356102
4,13,0,80.71476801550072,4,6990.293404907905,1,84.06126035093692
3,8,0,35.07060615960393,4,688.1682715383308,1,100.0
4,8,1,116.41474073958925,5,3862.503244602049,0,85.54204587170072
0,10,2,18.93375731574469,3,2964.150594536251,1,76.73466275301287
8,11,2,8.179174529554922,3,179.77255337543676,1,99.76609516093544
2,8,3,59.20860553058494,1,1967.7668857202682,0,60.31018254195143
4,8,3,37.20606383721798,3,3964.8768202326046,1,89.84462090044839
0,7,3,92.55210444162742,3,1982.3127969217035,0,79.8582128988543
1,8,0,4.062837929772908,1,6027.9591987636195,1,64.24914438500224
7,19,1,89.08461313402447,5,4492.039547289726,1,100.0
4,7,1,16.66279034193113,5,404.41813478611414,1,100.0
5,9,1,51.062044483344536,2,2757.6522404820444,1,74.55065887350814
1,10,1,1.965895622867074,5,204.57293608834811,1,100.0
5,5,1,45.145704793555296,4,3587.770447145815,1,96.66642210902583
1,12,3,60.63690599660662,4,2598.509077280877,0,84.09460660390607
2,16,2,22.082574633768424,2,6884.985953862932,1,67.36916975192307
1,9,5,11.644554697384962,3,3080.9951867093573,0,67.35956325517081
4,9,1,37.02678268609922,2,3757.835059197796,1,78.34158551660744
3,10,2,85.96342374212924,1,7256.085979313454,0,36.42276754015908
1,14,1,18.7628562573527,2,4814.3675823274425,1,66.53136910905978
3,9,0,13.967035248511827,2,5568.9792421724405,1,75.95832306555889
2,9,2,15.697268218810759,4,8415.05317083701,1,86.76984540916676
2,13,1,142.96916366278745,1,2076.81417151911,0,53.76456757588749
1,5,1,21.367580221240118,1,9891.963429990628,1,37.39567898504008
3,5,2,0.17331603888948516,2,9002.049867485535,1,63.9634052312968
2,6,2,73.04634890758715,1,2872.6627577245995,0,49.439989711751835
3,12,2,57.674801881515776,1,8930.454792029395,1,43.497551694703226
3,9,4,6.605651860759713,5,7542.022021385167,1,100.0
5,13,1,201.2804147723832,1,9308.257154901896,0,34.05451374896189
6,10,1,44.95931245923204,3,6914.440529376201,1,77.93437060905141
3,7,3,33.34595418805803,1,6748.029056011745,0,48.04009293809868
5,7,3,23.117840950096724,4,44.60944688433786,1,100.0
2,7,2,109.89119788072452,5,4751.3691714638135,0,87.94257204980384
2,7,2,13.423948750432928,4,2010.6833757224458,1,94.77697266136246
4,14,1,16.154337592911066,4,3247.5737770983833,1,100.0
3,11,4,6.26768083228636,3,9788.368183623452,1,65.93189415970323
2,12,2,68.32572672882118,5,864.1645586835047,0,100.0
1,13,5,43.45081825573924,2,7227.639839833388,0,57.11310777538358
5,9,3,45.082414279096454,1,1737.7189702900234,1,67.64508384017385
3,14,3,11.832110095145744,3,83.93938156652148,1,100.0
4,11,1,50.551966250453276,3,5019.172901390525,1,81.80247145651138
1,9,4,69.60588045848935,2,1620.540834609334,0,66.8030098196049
3,16,0,21.263681386112022,3,9655.007897255955,1,71.82688809765224
4,10,1,77.57742814018016,2,2044.9304037218685,1,75.84037713108538
2,12,2,20.588352571117202,2,1928.43238760833,1,84.10282146925735
2,13,0,68.13071383515063,2,331.3475773617731,1,87.1491199784506
2,9,2,1.6469804124740541,3,3304.898190402324,1,93.25499772975316
4,14,1,38.45275459978613,2,250.87563254070128,1,84.10978783733125
5,9,2,167.56319114029412,3,4993.877486078839,0,72.51391112652918
2,9,6,190.86113301184562,5,5061.050321845813,0,76.31748457791754
2,11,3,15.885176202454861,2,541.9004377692197,1,80.95427497759147
4,15,3,27.951359920019712,3,2408.222147104288,1,90.82978941486407
0,10,2,3.1223241423739996,3,8322.743786592073,1,65.38158047231956
3,10,3,99.18044504086589,3,4630.822281524411,0,69.23367124248843
0,12,2,40.351439862432855,1,4351.754315441859,0,58.58599720491549
2,7,1,23.342243048216602,1,6990.781704144364,1,49.817749150212386
2,10,4,5.743279619800908,2,7151.67061545783,1,65.9153850932551
1,10,4,140.7879425932867,5,7622.006381948908,0,81.39649158299451
4,12,5,36.26346010132698,2,8306.518427611081,1,47.79001269153865
5,11,0,15.963788453564069,4,2330.183957559671,1,100.0
1,10,1,20.69346913478479,4,673.1422667207167,1,100.0
4,8,0,15.151979690032093,5,3808.846137347076,1,100.0
0,6,1,44.19962499102475,5,8552.428127125291,0,75.87201950023952
6,11,1,127.61951166110852,5,789.5063562128241,0,100.0
5,13,1,93.25304171621522,1,5763.778450041472,1,52.459037709965074
1,13,0,29.6108022309765,1,7013.81866192252,1,52.41525040641497
5,5,3,84.07555219696627,4,4819.258060690149,0,82.26442615763311
1,11,2,26.40460027312573,5,2559.2026816300145,1,100.0
4,9,0,13.956624063406698,3,3269.831723415396,1,91.58861613042765
2,8,1,196.76465071911105,4,725.8044588560249,0,94.13293968015797
1,14,2,17.387716388262454,5,2932.909637913414,1,100.0
3,14,7,18.77540850230222,3,453.3362955371303,1,92.32304175041244
3,14,5,219.596120422441,5,7265.986731358346,0,72.08446473703596
6,5,3,6.90175909381834,2,8980.972832331747,1,67.40259341317409
0,10,0,68.60850165885536,3,6338.796153251394,0,73.38805598744499
3,9,1,131.80563927821922,2,6570.465197102535,0,49.295188186019836
5,10,2,34.41695364699504,1,4726.701948032458,1,59.34511073581866
1,8,1,0.1211974415771922,4,1568.8041275590294,1,100.0
3,20,1,22.564701325162943,5,87.1741611211628,1,100.0
4,12,1,5.6783176707533976,4,3446.320216129605,1,100.0
2,12,5,25.832432880432396,5,7517.370688135851,1,97.8832499316499
3,10,2,74.91720925330594,2,9604.71147736266,0,45.28611578225228
7,9,1,27.720975959447358,3,4316.538408161571,1,87.90654837870785
1,10,3,27.144097935997465,3,3660.2562132119947,1,80.73242733392308
3,15,5,39.058099220005374,5,4465.125478250498,1,100.0
3,9,1,41.833626835898286,2,4283.471209083889,1,72.71650235226285
1,9,3,93.12008636987048,5,6262.539531656464,0,80.5862451996753
1,10,1,17.69678859970582,5,7344.132497009952,1,88.21892306550792
2,6,3,82.75807692429514,5,7851.7306523132565,0,78.52258945569707
2,9,5,40.05878897993671,3,6499.552046253131,0,65.13607111628546
6,9,2,17.156723031593792,5,4382.862348285706,1,96.2978477420872
1,7,1,16.787341342952733,3,9501.53651795987,1,61.691133521650094
3,14,0,21.507170616149676,1,7113.08676674895,1,55.041878391502806
3,16,1,46.785443632279794,2,4272.313828053314,1,72.30735993311846
4,8,3,12.596136804566633,1,4471.351953184089,1,63.27688951468982
2,6,4,121.43553033129277,5,8181.628690790864,0,75.05828524593834
3,6,1,41.062101452185914,3,4411.003468347153,1,80.02325048990271
4,11,5,121.24444205794907,2,5167.573491563121,0,66.16851294180336
2,1,2,2.2807465602800567,4,2922.6073962770442,1,93.18618149033591
3,8,3,20.135035872466094,2,8390.759190514133,1,55.07544894529299
2,9,1,1.1074453946797678,2,5227.631948230167,1,80.82565716401548
4,10,3,15.254409143157844,5,5529.834024510384,1,100.0
1,8,1,95.06632778024692,1,8807.947273106854,0,29.15665805514766
3,10,5,1.7902401498380656,1,9205.967505793624,1,53.49363748683497
5,9,4,27.502170093878014,4,8243.696028698536,1,73.01070770040215
2,10,2,6.003479692757173,5,663.0504256433109,1,100.0
4,10,3,25.88615127564981,2,4440.655926783344,1,82.24847161461452
2,12,1,87.62061608453362,1,3439.8760821327296,0,56.68754128187281
1,9,2,46.83352928641197,1,2143.012665477896,0,63.887450484995334
3,13,1,64.06441113991795,3,9090.449219699402,1,69.55573459077081
4,9,5,20.61146789424773,2,8901.788893561894,1,53.226974899010024
7,5,1,138.69746985277305,5,4658.325853999673,0,94.52758158187095
4,10,2,59.29598801101554,1,1354.2628982219064,1,73.88861232278406
6,11,0,26.296003552715625,5,143.52254711455666,1,100.0
4,14,1,26.684926424907914,2,4390.2861348425395,1,76.00145255223407
1,6,0,120.45190406973603,2,409.15193424969556,0,62.994750440980795
1,9,3,41.23088376921959,1,6099.463859778404,0,46.603655636822566
7,11,0,58.822376342006955,4,6088.00462009189,1,89.8442717039164
4,10,4,25.902168665379172,5,8990.405084695309,1,96.21467920338152
3,14,1,12.153931942093212,5,1908.5907916106726,1,100.0
3,19,2,61.716428093165256,3,3720.2284817113045,1,80.71834811148834
3,18,2,44.9301110088037,2,8596.858433954945,1,66.15414243601992
3,7,2,33.400154617725775,2,4748.222059876249,1,73.20337836698215
1,11,1,46.95464777364999,1,606.6356568297228,1,59.7020347701013
1,14,2,11.21061795169468,1,1116.7312768393306,1,78.96070767089572
3,15,0,75.81991744042196,1,8136.411170068727,1,42.45608370412242
0,13,5,142.0630722043234,3,7439.537325984845,0,55.15834765391379
3,10,4,106.43299783312389,4,8760.05635649625,0,60.14392706822636
3,8,4,18.61325294860999,1,1197.423047432346,1,60.37813522497214
0,6,1,25.00251259184732,1,7606.563270527309,0,50.96630787174536
2,11,1,79.3131559985381,1,6554.49260593231,0,40.75010488764482
1,12,3,43.39955834966546,3,2330.6094789990175,0,80.17887164161226
2,11,1,38.10642399170999,5,9739.304811700555,1,87.89798044611898
4,10,3,125.39535703883062,4,5707.844643320798,0,77.56761358649597
4,7,0,36.86037712377874,5,9069.710974217382,1,86.50851978343773
1,15,1,34.72703818541473,2,8592.340410727795,1,63.47496673623648
3,7,3,2.0604915615311414,2,3337.92335062089,1,75.73411743932189
3,14,2,3.453310225144076,1,5364.209051248265,1,58.17409595948588
2,13,3,0.35750281523556754,5,4319.36931105267,1,100.0
2,8,2,117.34359843832056,3,7093.684926898156,0,69.60946468781378
3,14,1,25.195295971681393,4,5884.539625388843,1,92.68176588891974
2,6,2,30.34404312341635,5,7850.68679504204,1,86.69035069657977
3,8,1,89.6078265329118,5,127.40507338386553,0,100.0
2,11,1,45.10453763081737,4,6881.054681531438,1,88.9168375153959
1,10,3,45.13590709338346,5,3197.460900644353,0,99.19825243152769
0,10,6,16.883344498436507,5,2249.9791774952855,0,93.95158692019858
3,12,1,86.17035257240337,4,8014.401249923136,0,66.94879150311601
4,9,2,8.703265523572354,3,901.3198997699719,1,98.22131297245842
4,18,5,2.6214798025682744,4,2292.3158505404203,1,96.34526262687282
3,8,2,10.209717443996675,1,2045.306067586784,1,68.98860140869077
3,15,0,14.957560257477859,1,4204.056196146422,1,75.15436471733292
6,17,4,15.922513536651245,1,3230.1444777270376,1,65.71790267260924
4,11,1,53.2905694251789,1,7207.478487925605,1,59.14147301088299
4,16,1,11.792460034186837,2,6996.705107208751,1,63.68637289542157
5,10,0,54.19419043682872,3,3261.4542021493294,1,92.9107562860347
1,11,1,4.586668822785301,2,4375.437953696494,1,78.04063398982348
4,9,3,7.643189350921083,5,2087.002759955932,1,100.0
2,6,3,34.12548329266879,5,6711.640655957744,0,86.79041198598021
4,7,2,122.38615100945,4,3968.2651739244293,0,82.30379336848068
5,7,0,94.22539032519597,1,1336.932783377731,0,64.89749749021011
2,7,2,166.36061121778965,4,1281.3822641959975,0,95.63952764272365
4,11,1,50.45720736197384,5,3229.9835774275434,1,100.0
1,8,3,54.069145268460744,1,7475.777036075596,0,46.596978379741195
2,17,0,47.08274809807181,3,264.7883179536888,1,93.37760072963047
4,12,1,46.80143501402094,5,2585.1691848969926,1,100.0
1,8,3,7.6385676446886706,4,1633.2367272986853,1,96.5996846700961
1,7,4,37.66512809809376,4,9565.213434843092,0,63.51649496198485
0,7,0,23.417807892335798,5,7055.763223670553,1,93.51906601601037
3,10,2,28.049257566409835,2,2339.994514348272,1,86.53289547310202
3,9,1,35.59193493104833,3,2082.531248507584,1,92.7326355457917
4,9,1,6.596173621033802,5,8581.725148418893,1,100.0
2,11,2,21.38337633284629,5,1910.364697199967,1,100.0
3,10,1,3.146491169612694,4,9970.621409970297,1,85.99152846872383
6,5,4,186.9871533146417,1,2830.2081689138827,0,52.66011524417162
2,7,3,6.055779570370743,1,852.4838215466544,1,67.28382380727305
2,7,3,14.357447078375086,1,6912.509521228412,1,56.430197854089016
2,7,3,106.51672393181614,4,6100.331497915896,0,79.6372407172975
4,9,4,31.63928268908462,1,9998.223431960952,1,45.257177625099175
1,10,1,6.996609247985644,5,8022.836586276031,1,98.766318825947
4,11,3,23.27436650695336,2,4294.076966001058,1,80.99239608793778
3,11,3,5.911147183439353,2,6769.348367149205,1,66.52659940454436
3,7,3,10.723852038019924,2,8180.316041497487,1,57.46294449044947
5,10,4,2.56474854465887,1,5142.127989178518,1,64.96754525022536
3,7,1,27.67959866933938,2,2735.9857928447636,1,86.518573183094
1,13,1,78.87271130461511,1,2108.9553664408327,0,60.012151977628875
1,10,0,42.32711329646943,5,2959.8615517700077,1,100.0
3,14,6,44.749495863133475,5,8482.207128881353,1,85.23955303345029
5,11,0,10.745945065222813,4,3810.519401162466,1,99.90239796071633
4,11,1,20.228768583349076,4,2873.774944077511,1,98.14579562419577
2,11,3,89.56288048598367,3,8060.8134056728595,0,60.59350460918888
7,12,1,4.41396521834615,5,328.8842143276896,1,100.0
0,12,2,93.66911933472745,1,5943.643126594118,0,35.53239077288235
4,9,1,31.730302539366374,3,8737.581713830854,1,64.48129982993156
2,7,1,87.11567875811579,5,4106.736653065518,0,82.69274104191537
3,11,2,18.371281621667222,1,2700.4884319792513,1,76.85250367174554
1,8,2,19.860666009224595,5,4922.173603665205,1,95.64077531579973
3,11,2,66.85125733628536,5,7177.596905243873,1,91.99424439657379
1,12,2,73.78077373618271,1,5170.889574721642,0,56.80279452263767
3,7,2,12.523363844033467,5,86.31355631147336,1,100.0
6,12,2,173.14387132141684,5,792.4623155190791,0,100.0
3,12,4,4.237157078382836,5,7216.0709466661165,1,92.86262734713246
2,5,1,3.406188957419068,4,4005.513835406231,1,97.52462593128817
1,8,1,43.44547024882223,2,7849.9105543896485,0,50.615542498821526
4,8,2,61.57451299273221,5,6498.4042419180305,1,83.53714412048288
4,6,2,155.5813499337952,1,5819.343184875569,0,42.89549897167536
3,8,3,24.91693213825515,5,9014.737932100328,1,90.4560235608981
1,8,2,1.2296032163102604,4,223.00751407231976,1,100.0
4,5,1,44.33078028822575,4,1558.7932703640388,1,96.53346395123219
2,14,3,16.41898850739961,5,6247.515795364838,1,98.64349831468606
4,5,5,27.23053050838026,3,667.6221850354535,0,83.06322090798933
1,9,2,32.17670554198815,2,6453.255145756306,1,64.80675015214672
5,11,3,3.2010054513858863,1,9841.369559482424,1,51.95632869948673
3,13,1,31.943835627055883,1,8789.292908955393,1,59.78235525607191
1,12,4,26.67278153298745,1,5913.2600710140305,0,49.319768769367755
2,9,3,59.84094704702321,1,8940.826976316563,0,37.19892300609926
1,6,2,49.80072274878667,4,1171.5188311499896,0,92.7714408092529
5,10,3,9.83193050994264,2,4552.394707606386,1,73.44305068911116
1,10,2,11.080646064239888,5,4292.474396962637,1,94.70525910727707
3,6,1,13.873178153468547,5,3371.1113940599807,1,100.0
2,7,1,9.464246702665722,3,12.01196736176105,1,100.0
3,10,3,51.391036725622584,5,8911.37989592641,1,90.38225098538675
2,10,4,249.1388351021253,2,7779.289035426422,0,56.45338222329349
5,8,5,50.68148020802329,5,6532.046580841889,1,95.21735267439567
4,14,3,44.790512649886814,4,1298.3787700778241,1,100.0
5,9,2,25.320508928596965,5,3788.269285578126,1,100.0
2,13,0,17.99088942795482,1,9244.026703704634,1,56.57476330779741
3,10,3,116.15750314186727,1,6173.126754644771,0,34.005227403398294
2,6,3,166.74376956110515,1,6038.07125989499,0,44.12166579602388
1,8,3,32.96257098745594,1,9132.134481822775,0,38.10794438553803
3,10,1,16.45309136943314,4,5602.73891174738,1,99.60980891627104
1,19,2,70.56995755024698,4,5980.256253084222,1,86.70305126675257
7,13,3,6.820318060922519,4,3463.699787817411,1,87.18114028672403
6,9,1,69.63245000818904,5,3720.6948830313922,1,100.0
3,11,4,82.03070705212501,1,6859.212555517384,0,31.105358538116874
4,8,2,6.404237811872996,3,3211.147814146807,1,95.673862618687
1,8,2,180.7802896121144,3,5595.4881266726225,0,59.387079992231335
1,10,2,203.25382089509455,1,2799.1749446542303,0,45.952969342055894
2,16,1,132.48853091906867,2,1669.5911271649088,0,62.61924807646255
3,4,2,32.89190781975477,5,4549.480564797627,1,95.0477339693156
3,11,1,13.558139891578346,3,2182.285664016931,1,91.83049053412881
1,12,5,41.8702103889912,4,8985.958107764593,0,64.54730474698867
4,8,3,26.141429296625738,2,3043.0935286120584,1,74.71188301190976
1,9,1,11.069142750198031,4,5978.046934437818,1,82.06641807379192
3,6,2,26.452127384286054,2,2641.7839870465873,1,74.5187857989771
3,7,3,52.335182531970574,2,2587.6124346204174,0,75.47914020148569
1,8,3,3.5305550387998013,5,3512.8544539692944,1,100.0
2,11,5,19.46842168044708,4,9159.586927536282,1,78.21566997026235
4,11,1,0.8618458942651239,4,3921.0624054698133,1,91.72605397316796
2,9,0,66.44536398477207,3,8214.452029547203,1,68.6435876661969
0,9,0,49.13151750144877,1,1981.0077646389452,0,67.50086655578374
4,7,4,3.106663120549366,1,491.2137359329464,1,81.83594468489636
0,11,0,160.55697085881806,3,7818.962433801401,0,57.65357970901372
2,4,1,1.0983047986844845,2,5423.330225596443,1,73.85173587162038
5,10,1,42.792102704894916,3,5042.220872138945,1,76.89710898541925
1,8,2,71.89204937308492,3,2729.336434001642,0,72.50935316384832
5,11,1,74.43264165425677,4,732.4469784449248,1,99.4446773252954
4,7,3,1.674559668615043,3,4833.7717629651315,1,85.50214361902664
4,9,4,113.70655593975013,2,8673.591324405723,0,41.93280182233728
3,9,2,120.31485369555195,1,1209.0199168978238,0,60.384232140336195
6,13,3,39.55898372192581,5,9292.41708467825,1,100.0
2,7,2,31.58115193127875,3,2754.5435116137305,1,86.91841799532752
4,7,2,2.2034479678729357,3,5326.541065358336,1,90.02549236062879
2,12,2,39.62072047776167,4,674.4188707111524,1,97.4916041262483
5,8,2,25.275882801203256,4,4256.215472088431,1,95.46961670049905
3,12,4,71.13373411946017,3,1267.7198852075633,0,82.4399803232511
3,16,1,24.831325124299923,3,489.25812291130273,1,98.30361278776536
3,13,1,55.23299844325634,2,9665.91135734222,1,65.72445703535872
1,14,1,5.132464697474704,1,7303.644409286685,1,53.16040059176753
3,12,5,6.847740129465649,1,7193.386632926471,1,55.6077587242697
6,14,4,7.223326026475203,5,914.5913979426833,1,100.0
3,10,1,2.236528873021307,1,9294.211739632541,1,53.368775734658655
1,6,2,37.412246145866796,5,4699.990464948757,0,97.57860962526622
3,11,4,75.82667773309838,4,8524.317839893736,0,68.47833160854704
3,7,0,45.247846297976274,5,135.88500012657005,1,100.0
2,17,3,41.06687827445129,5,2989.082748561694,1,100.0
3,12,3,54.786526211281846,1,9960.510750043391,0,33.31536320319713
0,12,3,19.918953552900092,3,4284.102046527038,1,74.67321537404592
8,11,4,21.568560490376612,4,8886.050453254904,1,78.690516160467
1,9,2,18.109029982701955,2,3286.7035002266866,1,67.45427438544368
1,7,2,59.7683092546343,5,5258.038031359381,0,82.60510956421157
3,12,1,8.46278768961774,5,8543.648468600346,1,89.8507436599897
2,11,3,0.6293209517913092,5,6062.1473964373145,1,98.73592536151264
2,10,3,43.527685130137165,3,7254.67150302067,0,68.51363230646699
3,9,2,136.98764326485323,2,2296.0437101534453,0,57.30291458517314
4,12,2,45.12439341853043,1,1567.3454701768428,1,66.49088890898146
3,11,2,73.31985332389954,4,2310.7613696624635,0,89.1683281988699
7,6,5,53.623453469000324,3,4935.555976407697,1,77.97116444896567
3,8,3,33.02561204896173,2,8011.638000030505,1,51.71556672347147
3,17,2,60.827552292507946,4,3546.3985662579003,1,93.57554140887528
3,14,3,83.41742744782366,1,5652.509662099792,0,52.638449055432254
5,9,4,12.218210111038868,4,8050.076485172596,1,80.34412609221238
5,16,3,19.664143467235675,5,2395.3768962654926,1,100.0
4,17,1,12.155970419878503,5,8830.927591848897,1,92.97101106789172
4,10,0,28.886191403592484,3,9531.29229910161,1,66.43272062404932
2,11,7,103.84246178555863,4,399.311656635223,0,75.17402024971915
6,10,2,20.32494133560772,5,600.5199897470242,1,100.0
3,13,4,22.519248740788846,3,918.6875902747067,1,98.16229135297297
2,12,0,94.4994915619127,3,7769.91640101135,0,63.10442739116841
6,12,1,34.77016809678464,3,1901.4760823379872,1,99.05714733809066
4,9,2,36.80082866483416,1,7259.702904794412,1,56.66752449867564
3,6,1,94.64890443586316,5,4418.347938020145,0,86.02318189108696
3,6,0,32.370139424855715,5,8364.187543620312,1,100.0
6,8,1,54.92704621277831,2,8087.46857391457,1,64.39155802358383
4,16,1,4.297728714645785,1,9597.028988210646,1,53.16498274195318
2,12,0,9.445616967975539,5,2517.8681262593464,1,100.0
1,13,2,24.871008982495898,5,2300.099236092601,1,100.0
3,5,3,32.77815469868578,2,324.7646731331068,0,72.4198470848981
4,8,2,161.93246165532764,4,4110.056793311024,0,82.4512059201389
5,10,8,169.36888198684161,4,4596.041055866616,0,84.7797672632251
6,15,1,91.44636400220558,1,9645.493195960087,1,47.61549236376783
2,3,1,18.202129687770523,3,8309.545088778012,1,69.29015892261076
4,10,5,159.6010802846275,2,1676.2492633187362,0,69.85310696624543
4,8,2,56.114831797368375,2,7986.908732455926,1,63.91336509273834
0,8,1,23.958137115442298,5,1791.209815549201,1,100.0
4,11,2,58.05943221385586,5,786.8730478791931,1,100.0
5,9,2,0.7997161219246095,2,8372.456687052798,1,62.47843187734386
2,11,3,7.5842509624222885,3,9759.836222750711,1,73.58491328278544
5,13,3,84.96527007486102,4,890.3042598327629,1,92.74815886004153
4,8,1,49.788224398199,1,8141.109513422636,1,54.588880474273324
5,8,1,21.73741903763338,4,8593.534359945243,1,76.34845087095376
2,13,4,33.33510482949966,1,1196.3682868217572,1,72.68270009344037
2,9,3,113.05803936168817,3,2839.702183001741,0,75.15587133734974
0,10,2,47.9292746804478,2,7339.2697837405185,0,45.51472143609537
4,11,3,24.371800530373868,3,8079.225493029458,1,79.92105543333
1,7,3,6.153822816497111,2,3546.201479276155,1,66.89450580752221
2,9,1,16.6935104572785,5,1607.6947027984138,1,100.0
3,10,3,183.95034169112387,1,6486.961315332287,0,41.279773791390504
2,9,0,27.605795074182616,5,7022.666346402346,1,91.06700625194485
2,7,1,30.641039795522286,2,5041.042460411329,1,63.47231282301863
1,11,3,33.1366641142793,1,1457.9612657237556,0,83.86295649299011
3,9,0,103.44298750798731,1,8446.422575782895,0,49.36022378531065
4,8,2,44.45567923618523,5,6456.206931074501,1,95.54885848881864
6,12,3,56.78953426461936,1,8692.950845820043,1,51.6266624138796
3,6,4,23.68009814457583,2,9330.361054155925,0,57.60430846503984
2,16,1,1.4169144085589627,2,8058.921575826307,1,59.014280833207366
3,13,3,128.31630260189857,5,9586.987571018184,0,75.81822848761175
1,12,0,142.96494397216557,3,9543.03488000118,0,56.81425667848738
2,8,1,142.98888981438918,2,6197.252108349458,0,53.406992520839374
1,14,1,138.08790735809492,2,7284.459277936101,0,55.58182488774754
3,11,3,81.05798876986029,1,6997.091267715617,0,42.98629532694272
4,9,2,55.38725189381336,1,6215.150588271345,1,58.02913484602561
2,6,0,89.3363199583889,2,203.3582065502137,0,73.24963817822781
2,12,2,44.0475486074288,5,3565.507754035505,1,96.99702031677398
3,8,2,6.926268835545158,3,1009.7823539776887,1,99.92999826009172
2,13,4,23.822174895977447,1,3009.5885102204547,1,70.4347255851692
2,10,3,170.43268266030992,1,694.9624211917136,0,57.1808748460635
3,7,5,20.76167675673645,3,9201.114651546804,0,55.5107960961715
1,5,2,97.13522503682131,1,4518.785857402966,0,51.09235101722718
6,10,4,4.696608487605453,5,1901.7508322771002,1,100.0
2,11,3,19.52360093522395,1,5851.94451832888,1,58.24562566502266
2,12,5,20.748031013189433,1,1972.5448243924748,1,65.34035294165739
2,11,0,2.543117100838466,2,8046.3588146863585,1,70.29757853367462
4,6,1,6.086627064008272,5,3066.131906305108,1,100.0
1,11,2,10.30254500401718,5,3155.857322320658,1,100.0
2,8,2,87.31302061543458,2,8700.809929725026,0,37.53786199731802
4,8,1,3.144053130099327,4,5596.4368176558455,1,90.4402646035066
3,16,3,17.031398817026307,3,8874.148036497545,1,76.9291347865668
3,9,6,0.49090184502722,5,4134.751418354927,1,100.0
3,15,5,57.09618263954689,4,3445.837688555258,0,93.92775654983387
6,7,0,46.48233359498063,3,5066.96794268842,1,76.4396248825027
3,9,2,49.70820118595975,5,624.3017953170664,1,100.0
3,12,0,22.51279546033717,1,1550.4657043811187,1,69.02814296173018
1,7,3,11.209540921065562,5,2203.02114090591,1,100.0
2,12,1,61.157277557886815,3,8168.606054037754,1,76.62960682261186
4,9,4,79.99834194130923,4,7340.649581538501,0,83.15613805568265
3,9,2,7.161506184342171,1,1941.1397150515966,1,77.36250865761973
3,15,3,32.023055516622335,3,2774.7081680915235,1,79.49984277912229
2,9,0,13.726613421596898,3,9443.176016036605,1,66.66663553683861
3,16,2,8.83446169726064,5,867.171592637981,1,100.0
1,9,2,63.6231696824844,2,5479.076430499121,0,58.09383451169255
2,11,1,37.075210893880595,2,5224.849850224845,1,77.98282012192185
2,11,4,11.69196863602447,1,7259.821093405315,1,56.163260400512726
3,10,1,17.811057486693514,3,2621.7394097714905,1,82.0590802555254
5,14,1,163.2387646785675,4,9348.37878147107,0,70.33104681889921
3,8,1,90.64106892445547,1,4111.722987470663,0,56.69273107030524
6,14,3,101.75135161266013,1,2864.338876269707,0,66.26648746809312
2,9,2,29.578010000450718,5,3375.3254742901895,1,100.0
5,13,0,46.927376206538455,4,3493.7362645148523,1,96.3316283874997
6,8,6,22.696129008475687,3,1997.2948525161464,1,79.60717807930789
6,14,2,3.8830902439885024,3,9281.25865887953,1,77.90176507846273
3,15,1,24.60525111235209,3,1757.003094247248,1,97.94689306960497
4,17,1,43.26502630129421,1,8829.498017050299,1,42.6445187640798
3,9,4,16.24685867209532,5,4055.24290720487,1,99.32730699815623
2,8,4,90.4103829467497,1,2700.072070272409,0,47.691717028770896
5,8,2,7.863075491765864,2,1993.1044388582266,1,86.80152786368657
4,9,5,21.959462898951397,2,5048.379875783618,1,67.6997566399162
2,8,1,6.40423565606137,3,6695.892844465768,1,76.89937190184936
0,5,0,24.907765702614476,5,8983.228094300208,1,84.55657467198083
0,5,4,1.94252397233541,3,6527.941371264243,0,62.352163105137876
5,8,7,15.27404060321026,3,4841.788277824973,1,82.44907573972398
6,11,3,24.5784864193377,1,344.42588513647934,1,74.03823774946123
1,13,2,31.21941740034061,3,9155.11478769944,1,73.4965635560945
2,8,1,37.66064690548122,3,9024.668737394573,1,59.83264837236438
5,12,2,15.43542669262948,5,3793.382503535041,1,100.0
4,8,1,35.53562146683268,5,300.0562801293689,1,100.0
3,12,1,34.14338706153288,5,7336.3618195609615,1,97.89607148024523
2,6,3,18.242769770122692,3,7918.8919598027505,1,65.70594575307226
0,7,3,85.11052571692171,5,5429.2336372579175,0,81.24615943428329
4,7,6,37.86566031069488,5,4034.721102775579,0,91.13127599885158
5,5,3,19.385805962949146,4,8512.81704965196,1,83.96695873291291
2,6,1,141.30580176507405,4,1933.2390027007002,0,88.89925868965088
3,4,4,89.52267219845345,2,4401.18631026605,0,58.50088611828726
7,10,3,194.42807195800532,1,254.61624607971976,0,59.01974964803257
5,13,2,56.563925650197234,1,1648.4651744950868,1,74.32907577349593
3,9,7,22.808333733755966,5,9408.904034433328,0,73.0646626214909
1,17,1,15.825607314461031,2,5785.051671143928,1,73.59458532511364
3,11,0,52.25356559931062,2,8057.867371982907,1,64.31318839388902
4,8,1,189.7780341483854,4,4870.139136886108,0,76.80085181043694
1,12,2,47.299837949747065,2,8349.922709105316,0,51.84923930427653
3,11,5,102.42301225380058,3,5394.1156033047755,0,60.63949089028661
3,9,1,19.15873432912838,5,55.33175697574647,1,100.0
4,6,2,25.079181337414926,3,8997.993080237973,1,76.84575229801783
1,14,1,113.63485788791411,1,1494.175537160767,0,56.52027283438683
2,6,2,67.87898085250137,4,4511.0420654646305,0,78.3234536512726
3,14,1,191.28713811568682,3,4771.976545198759,0,63.19160583218401
2,11,0,71.54915850026256,5,481.8903741602412,1,100.0
1,6,1,28.56681223668387,3,540.1731505380567,1,87.53815855860778
1,15,4,36.350282527590885,3,7627.892576352621,1,74.5755818946941
3,11,0,110.77216080420891,2,3011.5033926064416,0,67.70926606233579
0,9,2,38.504343446519975,4,4102.185380736442,0,90.22400713999704
3,9,3,14.155420370151848,1,5645.484029497746,1,63.550464515946835
1,12,1,27.457303859895873,5,3740.1271844279445,1,100.0
1,9,2,34.863525840028224,5,7752.623891166508,1,89.59507502846122
7,9,3,4.882680568236749,1,8845.801889655484,1,50.86573367095857
3,10,4,65.35925809208706,5,606.5816623573837,0,100.0
2,7,3,5.558791777343782,2,6357.679805207041,1,68.8778185934328
4,13,5,24.91466813469534,3,3183.4234744969126,1,86.492584402601
4,12,1,78.37542696977026,2,5836.920031383756,1,59.90280706937398
0,10,2,30.25461718147928,2,4844.234108141662,0,65.83422342470655
3,9,2,88.57240688861627,2,3343.4484249126995,0,65.70738914738787
3,6,2,20.081760110552366,1,957.208306843118,1,73.06748979695386
7,11,3,151.7502371444379,4,5598.804715913947,0,65.41431880670342
3,7,2,11.282385055907506,1,1136.797738603536,1,65.0964614663835
2,12,2,1.8727413605328636,1,1569.639680885184,1,77.36673602506058
4,10,5,98.83502145006283,2,9821.930796759792,0,39.58415228503829
2,9,2,66.9669249647524,4,3173.884851567317,0,98.02484339466335
2,9,2,12.669336027394863,1,5848.517534318495,1,65.09664030310356
3,11,3,200.7660276299114,4,2729.5971007704493,0,75.4880958742399
0,11,1,33.49045770221402,2,8656.439291675406,1,61.259121137650034
0,9,3,144.829026557289,1,2840.5685068247712,0,59.50476961130132
3,9,1,33.756270821608936,4,3675.1826648585143,1,94.17337556052135
4,5,2,30.64423192445338,5,6087.79190232223,1,97.56015621992984
6,9,2,28.62105264081756,1,8701.16720936942,1,49.733036105409255
4,10,2,19.57347365880823,1,8163.979403764823,1,47.93774641562716
2,10,2,36.6206057246987,1,2645.9602567140632,1,71.77120899553304
2,9,5,28.919647749658072,4,8297.254025380387,0,60.44550917609756
8,12,3,1.7970745411845224,3,7014.941200755722,1,75.49324882235719
4,10,0,14.481284116267737,1,9898.38661920605,1,47.59244864996234
3,10,1,11.504787765688537,5,9355.122203182651,1,92.08996252885937
1,10,1,96.99296310753917,5,5336.035853233319,0,80.51169543151785
2,13,0,43.84654357991715,2,7501.786905733487,1,71.4509187869105
1,10,2,69.24391583973792,3,5706.095222852411,0,57.77988902259322
3,9,4,150.84084917385616,3,5954.004466728574,0,53.102285956750464
4,9,3,49.58087377443816,4,1023.9932914780098,1,100.0
0,14,0,194.4892539048863,2,32.434627691776065,0,63.497229865063
2,11,1,17.933930479777665,4,491.38188100412384,1,100.0
5,5,3,9.893913631666793,2,9666.6403722653,1,54.709424256727495
5,14,3,24.78515403459845,3,1271.419596950662,1,99.40931718613778
3,5,2,30.54661157656659,4,453.45314471010875,1,97.68225873788205
1,8,1,108.34771851687711,2,3103.3456549745783,0,68.54784705061138
3,12,1,39.40056937945062,3,5885.917600145737,1,83.16744790457142
2,14,0,16.587209609648205,3,9485.121836586299,1,67.20680237043688
5,9,3,65.14834472467538,1,7001.876909729355,0,50.83557558184517
1,7,2,33.83422134870744,4,2770.7661593126663,1,92.45922566063622
3,12,2,8.490942887648819,1,9391.189602189112,1,54.46523462247145
3,13,3,41.27794351676973,3,370.0503418993564,1,97.02633518262027
4,9,1,116.33096457382776,4,9790.749532595259,0,65.47051187739707
2,11,1,88.75721508380981,4,595.8206012562256,0,94.16245172143861
2,9,3,42.42468850353499,5,7540.961230841088,1,92.7909413587727
1,9,3,22.720429177953378,2,462.52241634279466,1,84.78519934169577
0,8,3,4.3678139954767214,5,9316.298809261387,1,86.87705050884567
2,13,1,30.442371980332325,5,1095.5723083440798,1,100.0
2,10,0,66.94305104387857,3,514.2853401410796,1,94.40097964588495
1,9,3,21.442314297381806,2,8893.758896701225,1,61.99190984734802
5,14,2,12.88625767145029,5,966.9809003370738,1,100.0
7,8,2,128.60002322365338,5,7981.333594893034,0,85.38846690751471
2,6,3,82.72698114446736,4,7472.876058155519,0,66.84746719900713
2,8,2,48.80989136480117,3,5992.79160449878,0,64.26054310774187
2,9,6,7.0602993354326795,5,3785.8475749908725,1,100.0
1,11,1,7.514265423400184,2,9156.649690833561,1,63.33687332902639
2,6,3,5.22932416423354,1,8712.101746122564,1,44.96742275322228
2,4,3,45.97850856065373,1,4268.208638455364,0,43.36377230293519
5,13,1,5.89458069507748,3,2324.932313583335,1,100.0
0,14,1,88.75861242416703,1,2732.9909774899606,0,56.44650417215988
3,5,1,237.92917665724454,4,2211.0325378519137,0,77.32791314059081
2,6,1,21.900271806772803,4,5417.107107977836,1,89.17326049565247
5,10,3,29.01752688458854,2,8686.702897417274,1,54.728488164135015
3,6,2,59.69471186939813,3,7738.383552309722,0,66.89787427749127
5,10,2,132.8185045649016,3,7957.149494854935,0,66.83972907083584
6,9,0,107.76965916487711,1,4488.402032079457,0,53.686329809718394
3,17,1,2.847206181168234,5,3231.2238696658173,1,100.0
5,17,5,8.890170857373123,5,7575.984149343475,1,95.51482434739098
2,12,0,67.43300788562729,5,7935.04977578633,1,89.80478421854144
0,13,2,56.04569864543453,2,6956.58352774225,0,51.44136205050524
6,14,5,6.862486123751426,3,330.75015419726174,1,100.0
5,9,1,33.46967486885225,1,5900.9500338041535,1,61.493278383739536
3,8,1,72.85619874181901,2,3476.9878341863673,0,66.77818355752169
6,10,2,11.85116889595151,4,1969.9655627754091,1,100.0
3,13,1,98.40840473072694,4,6947.008680789563,0,70.2495711598554
1,9,0,2.6124663074053167,4,2692.5760955039177,1,100.0
0,8,3,73.15946411882899,3,9129.283177968999,0,60.71416439389991
2,6,0,45.918778677087666,4,2987.809946894317,1,85.11098190469767
2,15,1,18.174120004186967,5,5556.254190439999,1,100.0
4,13,2,61.26248467992839,4,8279.34401487982,1,85.31373557198732
5,12,2,73.19710007772971,2,4027.162196893559,1,77.43526406712321
1,12,0,130.39540653705518,4,8288.29301281786,0,72.28774962806335
4,12,3,22.00845201484874,5,7239.7270107119375,1,100.0
3,15,2,55.603948502090944,4,9209.450871300714,1,80.78313863957044
2,8,0,44.29693959699173,1,3265.0872802717563,1,68.01317415387305
3,13,3,35.753971176725805,5,1059.2303671535215,1,100.0
2,6,3,106.13127491518583,3,4309.19148432497,0,63.41566418201857
3,11,2,0.15227235333216577,4,7860.27655719949,1,89.36994475139048
5,13,4,15.909175789042008,2,4509.846782766651,1,80.18531123964439
2,13,1,37.09395137369724,4,2627.2594226287756,1,100.0
5,6,2,9.42584225103781,2,285.75574395441765,1,79.49523606060572
1,9,3,114.456817579923,1,3137.107791528715,0,43.52012509529963
0,7,2,50.06277745643831,3,7136.677300519748,0,66.06559986536134
4,19,4,31.193451264114117,5,1484.6614247050982,1,100.0
6,13,1,80.91785466288532,5,3415.3850092693083,1,100.0
4,6,1,28.773578756920294,3,212.1123024340714,1,99.08613626878443
3,8,5,39.26034681102187,1,7220.332482227652,0,42.52930687570489
5,3,3,0.13222975182543678,1,8808.023640041241,1,49.442352143393386
2,10,2,21.85123613841326,4,5689.597893703462,1,89.20994572920203
2,15,5,7.172037615768989,1,268.4623378673837,1,78.00645955067547
2,14,4,56.16860301611918,4,2184.0768723698357,0,94.80936491915607
4,9,4,31.29873519564887,2,4390.306661596333,1,65.90693999596526
3,11,5,17.241067072560174,3,5879.936393409241,1,76.65970475740905
5,13,3,30.278241011205033,2,4967.800661280006,1,68.25627879480892
2,12,3,11.292189454418944,2,9159.501803648602,1,62.09528594072854
2,5,1,124.38830077934416,2,9386.976800851038,0,39.77401646624224
3,9,5,2.663221473528737,2,1080.4531007662638,1,85.23740738818609
3,13,8,96.26757274365657,5,1392.524873291313,0,95.09655985068169
4,11,0,34.37408534890115,1,3586.9685732016565,1,73.6774020957296
1,8,2,46.31114321438268,3,4218.13647018694,0,81.02674108419612
0,9,0,17.299401819795158,3,5864.806259684644,1,81.08140908867006
1,6,0,163.30206320728746,2,7733.86590037869,0,45.00852863817018
4,15,2,15.891751334962535,3,1366.3193785618082,1,90.77924128810494
3,7,0,42.66553270053517,4,8028.370563814628,1,87.26936869291363
4,11,2,241.11455593813025,3,6104.182851618388,0,61.36167836153829
1,7,2,102.21241668370263,2,9809.035763342066,0,41.24674494138489
5,7,3,36.891926873930615,3,6515.165104044498,1,73.72241886392355
3,10,1,222.88040823304033,1,7163.75413235977,0,31.601862868658188
4,12,1,58.01037441904701,2,1960.1365753576733,1,85.53403661645952
4,11,0,11.235774828648601,5,7690.930934036772,1,96.3119891493742
4,11,4,24.969427687413102,1,801.869115054905,1,63.47894456993462
1,16,1,19.545917984907213,3,6568.739057519979,1,78.48144885930948
4,8,1,20.237538576539986,5,565.1733593985266,1,100.0
3,5,2,68.59295985995618,1,1161.105954882872,0,62.481227431573345
2,10,0,42.12970825217872,4,1087.584080422742,1,100.0
5,8,2,1.8641859242098424,1,534.3158075773374,1,85.16010627472932
4,9,2,100.76274219722472,5,3218.1777802895044,0,87.45775320986347
3,9,2,16.901205317606184,4,9943.581054446337,1,85.45681304373633
4,12,0,280.05209847394434,3,3488.7714309307476,0,72.13282091672382
4,8,4,147.99690306739183,2,7610.151374252112,0,40.42491934894878
3,14,5,135.4701766314003,3,1331.8469884124345,0,85.38854601994416
1,11,2,80.00081499451596,2,4550.365891851892,0,58.3286837212643
2,9,1,11.963903581609792,2,1859.307197293273,1,76.28747426492785
0,12,1,36.51071592095255,5,1929.0507292311083,1,100.0
4,7,2,12.191655258429488,4,1005.9034653746393,1,100.0
1,10,1,14.431997539235251,4,4326.1210887490415,1,100.0
5,12,2,45.31449393716778,1,764.5938582792074,1,73.9918410856918
1,11,3,2.0011511087999487,3,9099.015449993052,1,67.86738275036949
4,8,2,167.45621051292366,5,4484.524212503824,0,80.20593496486177
1,9,2,120.4454081409192,3,8387.275752964435,0,49.939202894384486
6,6,1,23.00518020151636,1,9794.849852558067,1,50.21575120988875
4,5,5,34.77493413251105,1,6781.013996414194,0,36.68879248688776
1,7,0,30.12398863770135,5,9016.092463770392,1,92.4218149130137
3,10,3,102.66072616598451,1,1362.3215298249938,0,54.29985440482131
3,10,0,56.000786161028614,5,8301.636522165734,1,90.02373755918167
4,5,2,15.642443244787755,1,2719.461158767659,1,70.85755113313817
2,7,3,28.421292297821253,4,4731.254408033187,1,86.17157742099793
4,11,2,26.89471122541361,5,6469.36066445238,1,100.0
3,3,2,153.7147989921941,4,9036.400489426785,0,52.70025502419993
3,5,2,9.251943595553367,4,9110.828071288122,1,83.92260221220047
2,8,3,4.504570771178233,5,930.1027476470315,1,100.0
4,10,2,102.02082306050404,3,3651.909333322373,0,69.4002704938334
3,12,0,108.95914957799738,2,7933.820314775325,0,55.760741800432356
1,11,1,98.57705827416964,1,7034.537323429932,0,43.30770836880474
1,12,4,34.336587998966124,1,273.2609257580718,0,67.33197146746218
2,11,2,51.746796584765306,3,4504.395156518928,1,76.2807275625177
2,11,2,39.77535367775956,2,8294.23842028494,1,54.55439188135225
1,7,1,3.4549024128288277,3,7379.46752896439,1,69.6955747072775
6,14,1,43.48472704638892,2,4124.379425399903,1,83.88477759658508
2,10,2,0.6579681382268275,5,7354.259612244087,1,100.0
5,9,1,18.865148917226044,5,5516.5949842746995,1,100.0
7,9,1,129.24285326097726,4,9127.163690702182,0,66.42135981241641
5,3,3,17.39859184047653,4,5875.400472261432,1,98.98359547725374
4,16,3,134.90522848661675,5,4013.3344461557376,0,86.77839788922007
3,6,1,13.817313500961056,4,8630.577039436661,1,80.4105241336276
4,10,3,18.12948383113649,5,508.1897346433426,1,100.0
1,7,3,47.51795739140728,3,9006.101329938392,0,56.75302392721285
2,11,2,68.82808757215436,1,6966.504676832876,0,53.008616705042975
4,8,1,33.40447562456929,5,9406.652545636538,1,92.05441621603808
1,16,3,102.62647369791935,5,2512.543642578314,0,92.4205619562408
4,15,2,1.9714783230293376,5,6952.264432752215,1,98.01653934878604
6,5,2,122.57028040981228,4,8096.538036390886,0,63.90213455190094
3,13,2,10.48986810212488,4,7024.004772060909,1,91.73325460063269
1,6,3,103.49881709054316,4,2111.233685869758,0,90.0836094241005
2,13,1,24.588734019290925,4,2763.139785047708,1,100.0
4,20,3,85.83877288480568,3,5671.75606104221,1,78.23680488900973
3,13,1,53.45868119379993,5,4473.0385208807875,1,98.84319765071534
1,6,5,9.288668026092472,3,7353.820712281117,0,70.20038864697882
7,9,2,120.07758338680125,4,3792.980147748541,0,88.5856235787322
2,16,1,13.522706403056146,3,8596.210413378629,1,75.0821080106521
5,6,2,13.435164584147634,5,4324.884846317134,1,100.0
6,9,2,80.7826021431957,5,410.0123943407761,1,100.0
1,11,1,5.37157159522173,4,183.4671180906076,1,100.0
0,16,0,12.051595584763671,5,6470.958434984632,1,92.68225798075827
2,9,2,33.625416473469826,3,5410.125651635441,1,75.7169290910086
3,14,3,85.18880819383,2,5432.018987129324,0,54.55214927209306
5,7,1,7.659037057871764,5,7902.190070124171,1,93.401499951755
0,5,2,38.08028994961797,3,3763.4451440507987,0,70.53971178514486
0,8,4,59.6237488884619,3,9954.515505973897,0,50.9133115379339
3,9,2,94.57792921244658,3,9455.845705092424,0,53.681383068439935
4,3,2,131.62113644864493,5,139.48805390666885,0,84.68224642944152
3,10,2,73.70130409785293,2,8958.470254305574,0,51.12866190243836
4,8,2,50.780932399447686,4,6808.691007197371,1,84.28860576203041
3,6,3,27.28752953225665,4,5025.882464792188,1,92.80336055810972
5,9,2,5.707564377310905,5,5831.647266199484,1,100.0
6,10,1,59.3744896181718,5,8420.15505901057,1,98.6878121477652
3,11,2,236.40020326493874,1,9510.863546809507,0,30.70492893028513
4,7,2,64.06518598434509,2,5607.73291111706,0,62.887784442814535
1,14,1,0.8089103716461817,3,1821.1015574140133,1,89.27934704197234
3,7,2,32.91335872534268,3,6401.142298384426,1,80.50647635507426
3,11,0,45.77253734126775,4,771.4274942019208,1,100.0
2,6,4,56.16636332135002,5,6355.035980980329,0,93.68791539395296
4,7,3,61.05537582273827,2,8088.031907243466,0,49.428063015365744
3,9,2,39.20115691797949,4,3539.7810504940107,1,97.18246539377127
5,10,5,12.133381673850582,2,721.1323983091851,1,77.78431422301044
3,6,4,136.8373414848097,5,6925.339022844933,0,69.9040693437152
3,13,2,57.260270980113816,3,3399.8942141841053,1,86.57409842620011
2,8,1,12.973805732857677,1,2498.475552286711,1,68.72173227509342
0,6,0,18.67597356490211,2,6894.925771842987,1,56.102813458337415
4,17,0,122.40573995321179,3,9696.168824398861,0,61.20643567802099
3,14,2,104.86417883007907,2,7455.770550483117,0,55.82227806725992
2,7,0,24.933120893534017,2,4918.586905188161,1,72.0676567784004
4,9,4,1.874891371266856,2,6009.10211701724,1,75.9452744384557
6,5,1,2.3862156974670445,5,1431.3662977710305,1,100.0
4,13,2,16.030127985767237,4,8134.000723971251,1,90.47899576385959
4,8,3,47.61036973583973,2,6046.907156008075,1,60.5371224902904
2,11,2,42.12182407719236,5,9658.645676000193,1,92.15723212924303
1,14,5,48.223273380890156,1,9795.03884921658,0,28.179940779625433
1,15,1,60.63882155488194,4,3552.3210574796267,1,94.15873114924347
1,8,0,0.9223535153921285,5,9885.573895771582,1,90.5853745819608
4,5,3,5.329305712559005,1,9568.766945744877,1,49.828308045359016
3,11,2,21.383055438900346,4,6401.92131841331,1,87.42012684994526
4,17,3,8.076143133241477,5,3341.309640306971,1,100.0
4,8,2,3.7587644773819955,1,7535.868805270213,1,55.03363276214979
2,4,0,49.168018555993214,5,2719.659941247797,1,100.0
6,13,2,81.08255554430372,1,6302.140527779061,1,61.72961435536188
3,16,1,67.04911560815555,2,255.57032185764464,1,85.160941024358
1,14,3,81.52735292246138,2,6289.542137476295,0,46.21834978549345
3,14,3,52.616873731641164,4,9516.566764488281,1,72.58417548761857
2,11,1,63.80781138989961,1,2359.0789966351344,0,68.73836451683337
2,14,0,15.223218977572971,2,7784.013072290618,1,61.48285598020237
3,4,3,238.22370384120669,4,2941.30126365686,0,83.8809857307233
3,4,1,9.711310279634795,3,7081.418989799128,1,72.71336333815975
3,11,6,11.588497102000714,2,7002.723975036519,1,54.34644964804367
3,8,2,16.366699873666064,2,1855.5300394878805,1,83.69818190535885
6,8,1,177.70876117514965,5,5975.307825105989,0,80.87504922791183
6,10,2,213.46519889026737,3,8593.097841600405,0,62.20931578007669
3,10,2,76.04290271986011,1,3831.5053637012165,0,59.119966878860815
3,14,0,47.60200706927379,4,7105.666743975637,1,93.77310365429045
3,7,3,35.23677833022701,3,6747.55605199312,1,76.27297404630914
2,9,1,169.31855486835047,1,2582.5648779880307,0,55.75102893516744
3,9,2,57.09540319851861,2,9187.249162259177,0,44.836921545933535
3,5,2,138.98531207722897,4,5639.485720321567,0,72.10132968179529
3,6,3,18.26894151128147,4,3559.373641487186,1,97.63089081509233
1,8,1,19.494120761092358,3,1651.9401732673427,1,89.05202920843165
4,10,1,92.59795138273988,5,4739.848940673492,0,94.98188547370971
1,9,2,7.792716595097923,1,7303.833244637984,1,56.7554987724867
4,13,1,140.03693865678778,3,6240.16629501217,0,68.37918851799364
2,9,3,33.994019902860174,5,7273.2550699321055,1,86.48176585081082
2,8,1,125.24634425960244,5,7919.689915480837,0,80.40330889286817
5,9,4,19.712054484812647,5,4415.637617229506,1,100.0
4,18,0,60.414544682639466,4,5206.460178402681,1,88.77728540941902
1,14,2,31.654602723241247,1,9864.356894693097,1,42.664222885401735
1,10,5,47.311225795301475,1,9680.833444250447,0,33.763645605742944
5,13,3,33.6926701740866,3,4154.023076341003,1,92.9919136737035
3,11,3,163.90835645046894,2,6854.943446822886,0,47.43543056290748
1,7,2,56.543892252821635,3,2683.2258814952497,0,78.23107289081553
1,8,4,13.89322778318018,1,1535.4484809001276,0,69.28940031350623
5,11,3,115.4093894323072,4,7686.328214011099,0,79.12409834624025
4,10,0,16.712743891621365,3,4367.437894486063,1,87.57868286823951
4,7,1,22.300151393798174,2,1778.7575084636894,1,72.04327351149436
1,14,6,5.170702488971699,3,7590.890755970266,1,74.94609450083763
0,7,4,110.50801665550318,5,9152.551894342294,0,73.71587110918885
4,14,5,16.17740276299312,2,9333.402269572793,1,55.15290050832823
2,12,3,14.382887183280767,5,5967.373747541569,1,100.0
4,13,3,121.39279288244633,4,4801.614878458987,0,86.97201588413998
1,8,0,78.59813930463805,1,1427.2471957564378,0,60.04006683621603
1,7,2,7.29975538847638,3,7929.970144518471,1,63.23628467048285
4,12,2,70.4036800747651,3,9453.778289481894,1,71.2132141007497
2,4,3,117.22692816538145,5,8895.709532037792,0,73.6328925988485
1,13,1,3.9247044386404255,5,7520.316709832331,1,100.0
1,9,5,83.7215329270671,1,55.6429372818527,0,60.442694112811
3,20,7,38.05396082423392,3,4083.4312373273337,1,83.38233563214949
4,16,3,53.09921305916201,1,4113.034575301061,1,66.51811087971578
2,10,2,32.589936799844665,5,8944.73864726772,1,93.14975954708835
2,8,4,57.440468992961925,5,665.8506620212929,0,100.0
4,5,1,1.6652522867841302,2,5316.9136129804465,1,69.11784847949352
3,8,0,69.04600550923261,5,1369.9826952319006,1,100.0
1,11,2,1.627789135498656,5,6626.3162035170635,1,100.0
1,14,2,29.1609511236486,1,7924.632326900028,1,47.24260341754633
3,6,0,7.855433302020961,2,6423.172527596596,1,63.94627635766128
2,11,2,83.27305564973865,2,7947.905558796052,0,56.283884740925984
3,7,0,18.066406650710263,3,6078.888014341484,1,88.83419497327654
2,10,1,29.054766961418906,4,1906.4927136440158,1,100.0
6,12,0,26.876622453702435,3,3832.808549838723,1,91.31940669797346
7,8,2,71.06945668803823,3,9569.119473810579,1,68.34906758297785
4,4,1,31.494220051344573,3,2888.867378652287,1,76.23491186862302
2,6,1,74.67358562849556,2,637.9952187908665,0,72.38618777455086
2,11,0,3.6648080018304916,1,3854.4514492065705,1,74.99571302980424
0,7,0,10.209159921977598,5,3669.4081172527035,1,100.0
5,13,1,38.4923023331549,2,4708.385069166854,1,68.66297482629511
2,9,0,141.07830049735713,5,5607.431186591313,0,80.26969158872409
4,14,7,3.729589843307047,5,9924.308432405824,1,85.70060433165949
4,12,1,2.1139147951361728,4,7564.7770824383115,1,90.4412200509735
4,11,4,8.172261877207086,3,368.54873493452607,1,100.0
5,5,2,49.19325716520288,4,7129.996158783061,1,89.06663949023147
3,15,4,24.439130813278656,3,8244.075166633467,1,75.8852354950746
3,9,2,83.81427604713555,2,8957.351081455019,0,38.84880659773679
5,12,2,3.5832726599377835,5,4245.820967994989,1,99.1100533201961
4,11,2,10.49621643984107,4,3143.1194253774365,1,100.0
3,9,4,17.12220800366095,2,8394.854679305148,1,50.86617651594406
4,11,1,47.30176765683623,2,7778.377939491803,1,66.44243266822339
3,9,2,55.475088655934,3,5365.064075158599,1,75.92268205269524
3,6,3,6.3658217142349045,5,1187.6490163073706,1,100.0
4,12,5,138.1882711431199,3,6521.095777290329,0,47.94512497600225
3,13,1,20.020738545453135,3,666.0189886644132,1,98.22675665851825
1,13,2,59.945340507258855,2,1012.6643788547707,0,77.08495365689544
3,11,0,35.65314740822301,3,3318.0909868630624,1,85.77216713684709
2,7,3,12.096176106462899,1,3718.0432137119433,1,55.812764663996596
2,9,3,89.86974692957376,5,4625.120648513898,0,89.59805141988465
4,12,0,81.84275016443115,3,3398.0381625952996,1,76.79580501674042
4,8,1,24.206402474988565,3,347.5436727908478,1,100.0
1,4,0,42.63397155187614,4,1582.582687413079,0,100.0
7,10,0,14.312215308696484,5,1159.9685386620229,1,100.0
3,10,1,56.19381499469225,5,4317.5241496739345,1,99.74267104308176
2,5,3,17.743404412886264,3,2129.1679825448286,1,84.42880310705684
6,8,2,89.20339712250095,1,2942.5174760207183,0,57.88947712431055
0,21,5,11.765497716095743,4,4720.958959013615,1,88.86641470203745
6,7,2,0.7158761749902576,1,2363.262979507175,1,65.67810970136469
3,15,2,15.008114514565928,3,2466.8317528167327,1,89.62063624565876
3,16,2,10.177019626703752,5,8333.110332091821,1,97.92319120454582
5,5,1,34.07322847649975,5,5485.387811925889,1,100.0
5,5,2,10.933603843983061,1,8569.026921284169,1,55.126000320363225
2,10,1,69.14383685804785,2,5150.113893039912,0,68.0885566926879
4,11,0,13.25961335863224,3,9093.549681908982,1,67.168261135027
3,11,4,58.918755594289536,5,2554.8732942150855,0,99.22196964181323
6,9,1,41.46559292991486,2,6170.533634137539,1,69.215446373857
1,9,3,205.76188879275,5,5037.28542080025,0,70.47985481855403
3,9,1,442.5676082307578,5,9187.722357565097,0,73.55804303078924
5,12,2,97.7559333292771,2,4190.610982794738,0,64.42264540081854
3,9,2,68.49825904571365,1,8549.68989453301,0,34.348313169922356
2,11,1,23.448190681482924,3,5643.401465552582,1,85.29738106138434
0,9,2,67.17542031248504,2,7088.3440890863685,0,54.84577510734867
1,9,0,150.6738163192006,2,8870.062000264366,0,45.546843804043085
4,8,2,1.1354479538337676,5,9969.095082900903,1,80.98642808284535
6,10,1,37.05627712013231,2,7314.084190890718,1,62.28592164600705
2,15,1,11.803121766621224,3,3152.0743096486494,1,91.48328578313938
4,11,0,39.17594916950748,1,2997.129812988176,1,66.72214549074107
1,9,3,30.15345779751575,1,3097.947210670722,0,57.06680471586626
1,11,1,41.158856372069366,1,988.1041197919875,1,63.22372926736831
9,8,2,38.43111625920808,3,545.4529303694048,1,98.87622688977385
2,18,1,154.63465876391598,5,5812.620334473739,0,91.428569026553
2,12,5,38.56212262118326,3,8107.779386944707,0,65.18692837371565
3,12,1,89.87092219585175,2,370.9840527554483,0,80.40816879554322
4,8,4,18.49911511739893,4,5670.676621254186,1,93.65249267248814
2,7,1,27.668765121105732,4,3723.893601016064,1,92.80954872516635
1,7,0,30.511618578577547,4,8925.92717355061,1,77.57326892417844
2,19,3,15.68347291714818,1,1462.4154195200533,1,81.7253503050488
1,19,3,22.929483370112717,3,5638.685730045362,1,84.8457226358601
0,11,2,43.80385548628756,3,9709.497862877977,0,63.74927758106855
3,7,3,41.661490711238486,1,3456.8793349859757,0,58.09290636792681
2,17,2,48.5663101776744,2,7420.351343822121,1,61.73220799443276
6,5,2,20.812014114215074,4,8825.687038850454,1,80.98053403621633
2,10,1,18.218449900025888,4,1870.24351909257,1,100.0
2,6,2,45.39674811510881,1,9925.34653081742,0,36.12567199610851
2,8,3,6.84272904957312,4,8095.772783739912,1,88.4718585478449
6,12,1,14.003151441194806,5,1384.2669385442705,1,100.0
1,13,2,2.065960656630983,3,3115.738158143228,1,93.86881143255448
4,13,2,3.618336444823356,4,6253.450683189863,1,94.96790497930117
4,7,2,13.387126424967125,4,8850.32844841788,1,90.45878390724914
2,14,2,0.9466798276609136,5,1956.4068706968515,1,100.0
3,8,1,13.515912395616766,2,7314.743769629496,1,64.21158532909354
0,7,2,51.07882730399541,2,2713.7736520480275,0,58.5129017305988
3,13,0,3.0265843610166936,5,8056.11034177037,1,88.2035869406293
4,10,3,27.55238628313778,2,6837.585852477583,1,65.6834410444875
2,8,3,117.26872162190642,1,5233.861256339386,0,45.8476455483025
4,9,1,75.20566916750373,5,6502.160964465911,1,95.65524752348671
0,14,3,17.494710304334617,3,8765.688002882835,1,64.93646210530913
2,9,6,124.20849178905256,3,3870.3943398663723,0,66.38330348951216
4,8,4,19.197604269287318,3,7694.809299758726,1,76.6609647091462
4,12,1,3.613401229521497,4,1597.4652944062098,1,97.68949133082783
2,12,1,246.0175535229859,5,7014.843798764597,0,79.0233410284059
3,15,0,97.93891822141785,5,7509.067051092388,1,96.9296002943073
4,11,0,30.107211550819848,2,4435.546990577008,1,74.49876145973505
4,10,2,52.69162751268429,5,7938.284831942778,1,90.01211673680385
3,7,1,53.39476869060858,5,5575.462625119992,1,100.0
3,7,2,10.38096080080723,2,9363.381232717962,1,51.95747554312803
3,16,5,10.713808540997988,5,1133.5396952540316,1,100.0
2,9,5,30.436198054066683,5,1316.906048389166,0,100.0
3,6,2,116.42781652290162,1,8425.850146025108,0,38.58209506921403
4,7,3,0.4821142968780139,2,8425.189132917858,1,54.84136600909312
5,10,2,73.22795237759894,1,4717.535264570504,1,62.20846720539916
5,4,2,2.8438933343108994,4,9639.982476623585,1,79.95961755669232
1,14,0,31.224637876435207,2,6797.099293080764,1,72.7299710517
5,20,2,48.75647227161238,5,9828.703935152998,1,96.37960763109216
4,5,1,55.71759692671971,5,5328.629998061169,1,93.51233155026219
2,11,4,2.892427501940001,1,2024.1173090376756,1,69.58392727780694
2,9,0,26.031480610913658,1,4449.487339021014,1,62.41775840070673
1,10,4,42.080586936209166,4,9805.063551050675,0,66.44086810778342
3,14,6,3.279724660199178,4,3710.435390763781,1,93.49896674486509
5,11,3,6.9664844164072175,5,9570.594167016985,1,96.44300209551615
1,11,2,52.30079953037071,3,7972.243263266422,0,63.590666054497675
2,17,2,35.39462025144242,4,4426.6422146520445,1,93.4315519919031
3,8,1,8.47357141947695,5,5423.29160925626,1,100.0
3,7,2,36.77917002923032,4,6078.316382050132,1,90.00347689428942
3,8,2,117.03923806254241,2,6661.003186455753,0,52.13133670699599
3,13,2,0.7540967315220837,1,776.2251739850457,1,74.97163492745788
5,13,2,49.391720565313605,5,9336.54464363797,1,97.96928960869776
4,6,3,3.672173526965756,4,5974.027133875648,1,84.9981822018584
3,10,2,0.3105758629904442,1,9312.18070384216,1,56.14745535233839
5,8,1,7.837882211967827,3,6322.665728170764,1,83.7300991195373
4,13,2,26.38805803298824,4,4315.844735207413,1,89.84215523038618
1,7,2,77.81890213720688,5,5673.610835247959,0,85.75183160517886
3,6,3,15.887376158594293,2,8296.737707662447,1,52.32962060972001
3,11,2,47.16605277170113,1,3267.9970562022204,1,61.100645193661045
1,12,3,25.420563336101818,1,9565.035970188428,1,44.335872270190336
5,8,1,12.816304889196754,2,4664.8924260793065,1,70.26189153724515
3,8,3,34.65865199984176,5,9562.80765095289,1,73.65538088405675
2,9,3,76.64832247795513,3,8808.758581285198,0,55.46462363073984
3,5,4,85.76286608884106,2,7678.942944593964,0,48.68931343299915
3,14,3,89.9607342504451,3,4679.703616377689,0,69.0781704561013
3,7,2,19.839969379154166,5,5873.581991700058,1,99.71819601377382
1,4,1,75.70762212213829,4,8381.913829479654,0,65.97760421470198
5,7,5,11.447216670997191,4,5445.117460628359,1,85.29323014979846
1,6,0,64.36966160477616,5,7384.513869619525,0,95.04618864550942
4,10,0,142.26872810927404,3,7908.683919557565,0,59.35731779171138
2,11,3,0.6642794677281787,2,5135.82150423016,1,70.21604231460182
3,17,4,27.86249201374074,5,5367.112708353151,1,98.26719007808099
4,14,2,50.086738264157006,5,1986.368825046605,1,100.0
3,10,5,58.07566211498296,4,2454.944385293771,0,85.79100044403867
8,9,1,9.297180359921882,2,9050.382400110177,1,62.933660387182435
2,11,0,171.9416557947747,4,8404.892830506547,0,70.71596435425568
2,9,3,45.84966959066161,3,111.12435981573898,0,83.7061696166042
1,11,2,8.617639999284158,3,8695.181984020743,1,72.13019813237376
1,7,2,0.9953291866954017,1,262.09650701215287,1,78.02829370158301
5,11,1,73.39565631109608,5,4588.22122539386,1,99.30686086099533
2,8,2,3.98691480203641,2,683.6529338479177,1,81.71563354522483
0,11,2,7.298190635106705,2,9688.543153187118,1,48.883011655753116
2,12,5,41.052780153647504,4,9723.46936548412,0,77.4904989058167
5,5,3,44.404469667756786,4,6112.6007102465055,1,87.02214525944314
4,7,0,55.737192479205376,2,3928.1270591271004,1,70.03640110424334
4,5,4,24.003535440451515,4,5124.807574443847,1,84.46946769291887
4,12,1,71.36505661406599,1,7625.370211614339,1,44.56478892378723
4,14,5,175.8502575002929,5,2239.697667604635,0,94.14842082727111
1,6,1,15.178166058051485,1,4422.807687257125,1,58.12082776266372
3,12,5,58.277735846457766,3,7375.3142156283175,0,59.01123422652342
1,10,1,126.60573587154727,2,3959.9708535929017,0,54.646594065217926
4,11,1,55.64524642027523,1,329.64525570603735,1,77.71102914411001
4,7,3,54.859559570938295,1,5078.870246360646,0,49.74768935800185
3,15,1,12.158866591825074,4,7376.737513770071,1,81.43171290400038
3,4,1,36.76789983791058,4,9768.395927753756,1,74.65225081033734
3,13,2,39.68307784804752,4,380.09107044153365,1,100.0
4,6,3,57.811429078267956,3,5403.806815488262,0,74.14901691483834
2,8,1,276.0638461612361,1,4504.887234768185,0,54.02024966233712
3,10,4,1.642694352240285,5,2432.06340501649,1,100.0
4,15,0,3.2379655794412665,4,6381.249573271904,1,87.25060747258459
5,13,2,3.8954833085573912,3,1644.5887036292634,1,95.54021008509054
2,8,1,65.2127044139339,3,2845.8090254753793,0,78.34831911331706
2,11,2,7.036419797850581,4,7819.756327849493,1,91.4779599966978
1,9,2,46.754747213988765,2,4609.513282855294,0,62.99011659565489
2,9,2,18.842503541836614,1,9936.769762729647,1,46.05712209762466
4,10,3,29.339297792362654,4,3870.7428340464526,1,97.78437831030504
2,10,3,11.660001974969301,5,4637.978050341161,1,100.0
2,9,3,96.51412939263349,1,3009.575043264455,0,54.241255013667256
4,9,2,42.34811870099124,3,2370.573125848544,1,90.57397743477823
3,15,4,138.84061405233422,5,9223.591297836223,0,73.46534651937657
4,8,3,41.02639489570066,1,7490.778134886023,1,39.17588039853946
1,11,6,6.349641871370921,5,3340.6912966921195,1,98.06251774088572
3,6,3,8.994184509425558,3,7004.55833656079,1,75.79849026578674
6,11,1,216.79717661197526,4,9658.17966686124,0,60.64532564085665
3,7,2,62.06599484583829,5,749.7391764829999,0,100.0
1,7,7,2.425649853425138,4,2652.3989996648847,0,91.52160972750312
3,15,2,58.399500017026696,3,2013.779706458064,1,90.98066199497758
6,12,1,25.503488241250334,3,8699.133804807658,1,77.39989937057634
4,10,5,17.617249319945202,5,1800.1113922196453,1,100.0
4,7,3,8.030773543658828,5,3087.679199936744,1,100.0
1,13,5,87.93510527161098,3,5443.169125528586,0,64.4271223036982
5,12,2,3.16657679858161,5,6214.732612313627,1,95.68854502585906
0,9,0,16.428412448054374,5,8083.755787701232,1,100.0
5,7,0,17.56008916506623,5,4079.1592330734984,1,100.0
2,15,1,8.420720990671557,5,5347.104779312389,1,93.20525853885255
0,6,2,34.063315783239304,1,9654.966129691611,0,45.91107905924904
3,9,3,0.5650387925737076,3,2980.6437490676285,1,88.88674592681754
6,7,2,17.187336448158142,3,2488.461169541595,1,96.1791504198125
3,13,2,130.2000842437764,2,7108.8859215040975,0,53.27755756316214
2,11,3,17.847910457445792,4,7713.651349292713,1,88.74760768121426
2,11,1,21.45624733051163,2,4153.64124277128,1,78.16718666038543
2,8,7,30.76166227191184,5,2137.6593930366876,0,100.0
3,13,2,39.59215469351321,5,7791.43733155581,1,82.78304526047673
7,5,6,79.38996448414906,1,6708.224023837591,0,36.930845775105055
0,5,1,10.133648724892618,1,8763.515734789591,1,31.533806599572497
3,3,0,98.57978627131085,1,8444.821378627943,0,31.91184907796497
3,13,1,68.0139419488587,1,2059.899893197291,1,63.125459086823064
4,7,6,61.558859477829394,1,8325.068409085916,0,35.99028050997321
3,12,2,4.358657893773748,1,1759.9856737778482,1,68.92043476719287
3,7,2,1.0501576202618552,1,8638.401998741276,1,50.03653516213458
3,15,1,43.268803338939165,1,7705.506130986457,1,51.985672675919275
3,9,1,95.4601276884732,1,5702.912132081161,0,47.5217121320925
7,12,1,42.15032611590776,3,6425.794541346358,1,84.11850405058767
2,13,1,11.511624308160755,1,1049.7519160388345,1,76.69082740234353
2,11,2,4.55434363979351,4,408.4529630484569,1,100.0
3,6,2,57.72617044633211,1,3313.160949921747,0,56.44755316114854
3,7,2,61.40679196509559,5,8215.84405605773,0,90.43783660036554
4,12,0,9.09045510970414,5,4663.197876067927,1,100.0
2,14,1,1.3725739933698904,1,2241.706360231537,1,60.41700422790777
3,13,4,25.18692798156274,1,8347.14351014901,1,55.40411504103748
3,8,5,41.951746050545225,5,2293.9863139032395,0,94.2321937643966
3,6,2,58.760817959223075,4,8156.782295177009,0,74.30280390212533
2,10,4,79.70120751293263,2,4535.265513872301,0,59.10310202896963
3,5,0,45.26340042886234,3,4640.313923800146,1,83.07718191798983
1,12,3,5.64114018941218,5,2734.4689024838394,1,100.0
5,4,6,55.08166698404315,1,9002.73846878453,0,34.86733737445993
4,15,0,199.02087037264516,3,896.9649041843994,0,79.28067200326697
3,13,6,113.28244417949557,1,1452.6189500222097,0,54.16275219441367
4,8,2,98.550802000441,2,6362.488834779616,0,43.955719315816566
3,8,3,17.269438975528786,2,8502.651504905918,1,59.62410950810673
3,6,3,66.69369826479033,5,963.5579893504237,0,98.23113397094545
4,10,0,91.41616715399613,3,7340.184971671916,1,63.953974530340986
3,12,1,54.4424306298593,3,7427.690216063469,1,68.70085977159424
4,11,1,13.844705369102133,2,5819.412074347632,1,62.044421692062116
2,7,1,147.6245315205619,1,4872.413201214934,0,43.48561209939541
5,7,2,28.7677416328832,5,3217.66671548227,1,100.0
4,12,6,6.673852632893989,4,3521.1033064023386,1,100.0
2,9,2,5.581645981181246,2,6747.590389430553,1,64.24839939367138
3,6,3,50.05240909721816,2,662.2200392269639,0,81.67116645891493
4,14,2,27.63537211757307,5,5853.500525570809,1,100.0
4,14,7,4.7640093203468155,1,2794.5346026039424,1,61.5976810380336
4,8,3,64.72688796336908,3,4671.393060319986,0,70.92516665258569
5,11,1,77.09133256535745,2,5594.206388317483,1,76.88875587080886
2,11,2,62.039842045800455,5,8857.736842906968,1,87.71619916999246
3,10,2,10.84673516983106,5,5794.958134440224,1,98.99319246967063
3,16,2,56.182027594115624,5,2279.3241206738,1,100.0
3,9,1,0.51747390925918,3,803.7999371920464,1,90.62023937077379
2,11,1,17.472230327580156,2,6273.6141119138065,1,66.4676578126566
3,9,1,24.425444918198078,5,5455.033479547879,1,90.57477447594754
2,9,1,86.55876413317876,3,6721.2609867948595,0,66.72314428715706
6,10,2,23.75726611790924,1,4599.371825581997,1,59.436480271567014
4,15,2,0.5440045220097912,4,8253.007214856949,1,84.67037508636943
2,7,2,20.851166962863434,2,9202.595025563945,1,48.27599788019353
1,13,0,33.167889076388015,3,409.64417801403476,1,97.47508010491174
4,9,2,142.8491283355912,4,7443.424496269578,0,67.8615042413439
4,17,5,135.87837236776517,4,361.2538420209532,0,82.41422959735988
2,10,2,9.576835558537919,3,4456.515901856721,1,82.1026151954408
6,9,2,9.827855410730683,3,4621.416135545487,1,86.40826559767136
3,4,2,8.562578633536152,3,6965.221791275052,1,77.59706959325096
0,13,2,74.66530681805793,5,3530.50894902746,0,100.0
3,8,2,0.2899318070522978,1,8210.804369799005,1,59.61034691124952
1,11,4,6.529090555670038,5,3435.2119388791652,1,100.0
2,11,4,37.060944687545046,4,3431.7537045314593,1,86.90194438664622
3,3,3,13.65296480032747,4,2235.3790699098836,1,89.58113627694485
2,18,2,4.651370525376712,4,6841.851288402467,1,84.12063786901248
3,10,1,21.412632723023975,3,775.1064018964275,1,100.0
3,10,1,15.383580596841927,2,3636.9203079888275,1,69.80003730477573
2,7,2,34.3490936647371,5,2676.238554034132,1,100.0
5,5,3,185.9720969244328,2,2301.062994663138,0,61.60922430550367
1,6,2,6.371376357553994,1,619.223338567673,1,67.18109333129577
3,9,2,22.385901881213545,1,1911.9273260908235,1,63.73471220765441
3,9,2,129.02530908812753,5,4467.981657885027,0,77.94512794361486
3,8,4,100.5378858821104,4,5042.377138120893,0,69.24646425355223
4,11,4,24.063486963799612,1,2702.351691160036,1,66.8366165581245
4,6,4,57.6235084276657,2,6505.9326495810055,0,57.81749288962172
1,14,4,4.414008856475685,2,3364.5754431931764,1,84.25526639207936
4,10,1,59.84041107997095,3,3678.785924113705,1,85.67110345866391
2,9,1,173.1198224979004,4,7828.417097869863,0,69.55561775969724
1,10,0,37.01198912947625,3,5524.147547034772,1,87.01255909374686
3,7,1,33.126344846460476,5,9532.216763428303,1,90.11808056553248
4,11,2,9.955975315297156,1,3599.4190006387307,1,73.07623994367718
0,7,4,48.21808422950406,3,8280.12655498409,0,54.90856023699203
4,18,2,42.84793089243999,3,7385.991982719572,1,80.5504726280435
3,9,2,50.65730207413222,5,8902.987385144532,1,87.99904104570888
4,13,4,1.2686154690735263,2,9568.34581550158,1,59.07823979848311
0,6,1,38.19240093503292,2,86.68841558744194,0,83.63537518172768
2,12,1,43.37795253897783,5,892.0945011964858,1,100.0
6,14,3,11.164838386136541,2,6746.644824062811,1,65.14758578672438
4,9,1,11.213484005499524,5,3908.096598369096,1,100.0
4,12,2,15.516732947042954,2,8193.059766410039,1,69.34964370693729
2,7,1,59.703771379379404,5,129.6784983640518,0,100.0
1,13,0,44.73983452546439,2,8071.70425593434,1,63.074226293651265
2,10,4,89.7246049974637,3,1361.0675630534859,0,79.56048665036774
3,5,1,16.823618746224398,3,2909.5879491866535,1,90.15754809718963
2,13,2,116.69722423487306,2,9691.09122060494,0,43.24188997217415
4,10,0,65.34867302276717,5,525.4651543461996,1,100.0
3,5,1,24.12221329997636,3,3496.9157184022124,1,91.72466125218642
3,8,1,4.805277719710752,1,854.4424686786297,1,74.98091318105017
1,11,0,14.257787804610409,2,8537.508016073549,1,57.75137284670702
3,15,0,150.77660839760293,1,7033.131064148856,0,40.67632294511736
4,10,4,17.836341687651647,1,8005.370504279135,1,53.44413263800919
3,11,1,19.215828328727344,4,5277.522322502107,1,95.23049445216523
2,10,0,10.090256043573667,1,3583.6229965179978,1,72.84825409097765
2,7,0,78.92598250389315,1,32.713459855209386,0,62.132339283565734
4,16,4,15.47868540471687,4,2786.493847308713,1,100.0
1,9,4,19.241428138892125,4,5150.389932193485,1,81.01761780479758
4,10,2,25.681425965279686,4,6646.9767443960745,1,89.73268107236775
1,13,2,27.29669975551722,5,2297.0848403729797,1,100.0
2,13,1,25.435577007156745,4,1397.6194544184614,1,100.0
1,8,1,33.63181164129057,5,2024.1324716784156,1,100.0
1,12,1,80.86895189949648,2,3547.2197563942887,0,64.51746889166922
2,3,5,82.12004638864943,5,1492.2991291027479,0,100.0
4,8,0,76.8498696709652,2,1576.6051708669056,1,81.93968062770125
3,12,5,5.1173336916627665,4,447.0794830674857,1,100.0
4,13,1,77.17599441699967,4,8568.684691600984,1,80.84413183015813
2,8,1,6.149736896679757,2,2205.388654366817,1,80.18285868939964
3,5,0,6.394356051634075,3,8220.80536622226,1,79.38914022123984
5,14,1,141.786049413385,5,4388.710767511014,0,92.96890793396796
5,8,2,82.15001779164568,1,6328.053768988955,0,51.73210928925005
3,15,2,38.58617698758714,4,766.2643402203713,1,100.0
4,7,0,99.80175388353406,5,5839.969182814045,0,82.80702012052441
4,7,3,218.0914185768287,5,2907.0540777012843,0,93.79678717183735
3,12,3,45.27629861937813,4,961.1474319804454,1,100.0
2,7,3,45.55527281484429,2,9083.242636716677,0,48.592935011201625
3,12,1,67.3997348327164,4,6040.244143071413,1,88.69950422403393
3,12,1,12.679031508617147,5,2424.6591961677495,1,100.0
5,10,2,8.777834007866929,3,4202.283627116845,1,91.58844173422351
3,15,0,68.41780822629076,2,3575.432339456256,1,81.42105757255851
2,10,2,20.30278573225432,4,7008.790861919636,1,91.20295690545449
4,5,2,6.965141382150627,1,6078.257428514666,1,59.67170280914136
4,16,1,18.151581808305554,4,207.62393885824926,1,100.0
1,14,0,21.319654737166672,5,1986.2916261506882,1,100.0
5,9,3,161.22878503753194,5,4786.498442686207,0,88.78598317106
2,18,2,57.46535344855475,1,4460.403064615368,1,64.52927877857265
1,7,1,36.32861750234416,2,5171.58207061587,0,66.90930983106503
2,11,1,166.54483798191384,5,7150.960224730084,0,74.0390085079614
5,11,1,112.05532620573939,2,6823.269894997288,0,56.04493820241458
4,10,0,34.437198167395934,2,3734.4060871984943,1,76.23075873064121
5,12,3,113.33079153371526,4,8777.040463106567,0,57.63126479512918
4,7,3,24.865243865059977,2,638.6963787807023,1,77.03667411283823
1,7,2,12.571739139157437,5,5849.253852166147,1,100.0
2,9,2,12.712750976806396,5,9497.358070769602,1,87.45841943419813
1,5,1,52.11087954010678,3,5495.323563874959,0,74.15173810074832
4,12,6,33.3739255882709,2,4556.511945120431,1,72.7042952101376
2,9,1,51.63497608354945,3,1347.8367110772801,1,90.26565358277226
2,13,3,55.61300384371811,4,8103.789061763397,1,73.21251884900029
3,14,1,1.0836383683874562,3,3744.2109515087113,1,93.23263874263802
4,11,2,2.666619032750978,2,7015.446635752033,1,69.41592926449758
2,11,1,36.515335985545676,5,1983.4933352664998,1,100.0
3,11,0,10.176010403020825,4,428.2133972921692,1,100.0
4,8,2,48.053944917812885,2,3061.6198507547256,1,71.21200823863752
2,8,1,38.56208298715393,4,2821.3244759543395,1,91.56069549006352
3,11,2,42.30291014918074,1,8736.01778273747,1,52.322105975561
2,12,1,17.289062196684785,2,8648.091048061691,1,70.11753476659705
5,14,3,49.018398585845404,1,5343.603283787793,1,65.08323382609196
7,11,1,84.91088618016022,3,199.7994662662142,1,96.90634279896246
4,11,2,300.042480804368,2,2290.9633825755554,0,61.59314448757396
2,17,3,87.49948020145307,1,6393.7358161921975,0,47.56901293670174
0,6,6,39.134976554635756,5,1023.0699302893719,0,96.03954276898557
3,12,4,10.318276039132883,3,7009.216424547277,1,76.39786295956772
3,9,2,54.910218466429555,2,129.50300695784733,0,75.2766359739491
2,9,2,133.2025115204205,2,6828.542385939011,0,52.996152739379895
1,3,0,11.428216206867758,5,8446.9470361652,1,94.5996962021191
7,10,2,14.194001173313309,5,4697.485019264701,1,100.0
4,8,4,7.744953106597986,1,8292.519091199276,1,53.99536472450214
7,11,1,64.05808402800805,1,7817.462055106257,1,56.98723272396303
4,6,2,25.04744153513865,1,6717.477310175093,1,49.810005521453924
2,10,1,3.1078667708827363,4,4457.041321164358,1,90.3744060329747
2,9,3,99.7939945731827,3,2726.3214035709234,0,74.34699947900046
4,10,4,39.153762010445725,2,8610.030982066997,1,61.850591980481724
2,7,1,19.301384327119187,3,6489.417892832854,1,75.65012067916842
5,2,1,20.235289883923013,5,7982.188184153256,1,94.3999951970127
4,10,2,16.456521735101887,3,5524.14960801163,1,82.3361277513825
0,11,3,29.176844300809215,3,1726.9456805943078,0,74.81017587411961
0,7,1,19.73007212820171,1,9794.585015740227,1,42.38524063287174
4,7,3,38.10980687527999,5,1835.5601270617976,1,100.0
2,9,5,71.28415228455542,3,9113.302595238783,0,57.01786860834607
2,8,4,53.86914621770578,2,2089.30507398929,0,66.68183254874201
5,5,1,16.741795577319134,1,3743.7569230468944,1,66.15151545191354
3,11,2,36.11267840381643,3,4406.433610928892,1,82.32795783488693
4,13,1,88.00177316299576,5,9214.54613538617,1,84.08462567148995
0,3,2,3.390900993398219,2,8883.103723421504,0,45.69724674443153
2,8,1,3.9135610943835433,5,8233.977569744835,1,99.02600355817275
3,4,1,38.99106365160427,5,3772.9847234823856,1,99.52474338016634
3,6,5,48.92142176259535,5,54.88753582091241,0,100.0
2,6,1,11.400603004307307,4,6819.017367874118,1,87.40319682186258
3,11,3,65.63305673083727,2,4115.428806307386,0,58.793798766661524
2,5,3,49.881726993399035,5,7573.011346445982,0,80.18768122863156
2,3,4,123.25025576179917,4,7950.571940374666,0,75.79341636515382
4,7,7,8.883377930962268,1,4402.836795145067,0,56.77110461844364
4,12,2,66.80671617565929,4,7483.544627516315,1,77.31216177645432
1,9,4,4.1927688526258615,1,8400.973432391578,1,35.83207404329909
4,14,2,39.987920626239976,4,9285.476554698986,1,85.7685503493754
1,12,2,38.53094449621386,5,5828.728771569049,1,91.96954076771678
5,9,2,23.599312914826562,4,7787.002902908227,1,82.90120183429106
1,10,1,89.35522528050032,4,4950.703053394374,0,76.24117720525581
4,3,1,0.21025075082950756,5,426.2133742953211,1,100.0
3,7,6,35.24846394714575,1,1560.6620637138417,0,58.12557183557589
2,14,2,11.751297923388721,5,1290.9628473043044,1,100.0
2,9,1,65.30981907955868,2,1725.938245253634,0,75.1234123723356
1,11,1,2.1130726042346106,4,112.02536863230398,1,100.0
2,10,6,85.49491875895134,2,8588.481164418874,0,51.80194749969941
1,7,4,87.39496351310873,5,5605.891706290634,0,91.04779114024947
3,10,2,85.87005443115186,5,3837.668530082564,0,89.94125121147259
1,13,1,7.946174423920852,3,4103.690927053982,1,84.91027285433516
1,15,2,47.7768756561361,2,4638.877426251506,1,79.35644605076735
2,14,0,0.694635313900932,3,748.0961691917298,1,91.71238007885097
5,6,0,90.41417656687051,2,2753.9074616834027,0,73.65334696456566
6,16,5,61.61511468883324,3,8517.748106549927,1,72.62535562720417
2,10,0,36.359056737710006,3,7439.315609777705,1,70.55629386521571
3,9,0,62.953258347511806,2,5638.4213271565395,1,61.77479479819068
5,15,4,4.75554045652034,5,4812.2328068529305,1,100.0
5,7,1,36.10400325902367,1,2597.142118059085,1,78.48363162186675
0,12,2,16.525910537424963,5,4717.837146774584,1,100.0
3,8,3,172.7002970208744,1,5982.57420790748,0,35.142741666879225
3,9,3,93.39531929371483,2,7129.25313480149,0,56.45663125115096
1,16,2,63.43390669030809,4,1674.7354756457148,1,89.65055347424223
1,18,5,130.28563777963987,5,8132.971582023066,0,79.56836971763175
0,5,3,20.445034373351113,3,3464.654657567887,0,67.19971092349844
3,12,0,110.94830508362993,5,5037.54825207065,0,91.79689256161342
2,12,5,18.882988169314636,2,6082.964122797362,1,67.93672373555843
1,6,2,63.34778691792178,4,4886.070610648122,0,64.39044725828337
6,10,3,64.0025584981792,4,5723.849472499649,1,85.19127874130382
0,9,1,0.8889755415376657,5,1124.1194121818835,1,100.0
1,8,2,21.50132416821421,5,4327.232996535266,1,100.0
3,8,0,0.9419505174322178,5,2811.8700346529013,1,100.0
2,8,2,280.33419720590734,2,869.4012773298331,0,66.72453966849666
2,7,1,6.255975013099229,1,1924.5757640636227,1,76.54556779601556
6,8,2,37.56759257264559,1,6028.421218610309,1,66.20589122304433
